"","date_time","temp","do_obs","local_tz","daylight_savings","lake_id","depth","depth_from","location","sensor_num","salinity"
"1",2026-04-13 08:21:00,20.912,7.251,"Mountain","Yes","20260413","bubble","bath","zmax","7450-646203",0
"2",2026-04-13 08:26:00,20.954,7.26,"Mountain","Yes","20260413","bubble","bath","zmax","7450-646203",0
"3",2026-04-13 08:31:00,20.938,7.256,"Mountain","Yes","20260413","bubble","bath","zmax","7450-646203",0
"4",2026-04-13 08:36:00,20.904,7.274,"Mountain","Yes","20260413","bubble","bath","zmax","7450-646203",0
"5",2026-04-13 08:41:00,20.871,7.267,"Mountain","Yes","20260413","bubble","bath","zmax","7450-646203",0
"6",2026-04-13 08:46:00,20.871,7.273,"Mountain","Yes","20260413","bubble","bath","zmax","7450-646203",0
"7",2026-04-13 08:51:00,20.711,6.915,"Mountain","Yes","20260413","bubble","bath","zmax","7450-646203",0
"8",2026-04-13 08:56:00,18.597,7.397,"Mountain","Yes","20260413","bubble","bath","zmax","7450-646203",0
"9",2026-04-13 09:01:00,18.327,7.428,"Mountain","Yes","20260413","bubble","bath","zmax","7450-646203",0
"10",2026-04-13 09:06:00,18.26,7.423,"Mountain","Yes","20260413","bubble","bath","zmax","7450-646203",0
"11",2026-04-13 09:11:00,18.209,7.415,"Mountain","Yes","20260413","bubble","bath","zmax","7450-646203",0
"12",2026-04-13 09:16:00,18.201,7.407,"Mountain","Yes","20260413","bubble","bath","zmax","7450-646203",0
"13",2026-04-13 09:21:00,18.176,7.395,"Mountain","Yes","20260413","bubble","bath","zmax","7450-646203",0
"14",2026-04-13 09:26:00,18.15,7.398,"Mountain","Yes","20260413","bubble","bath","zmax","7450-646203",0
"15",2026-04-13 09:31:00,18.134,7.381,"Mountain","Yes","20260413","bubble","bath","zmax","7450-646203",0
"16",2026-04-13 09:36:00,18.117,7.383,"Mountain","Yes","20260413","bubble","bath","zmax","7450-646203",0
"17",2026-04-13 09:41:00,18.091,7.388,"Mountain","Yes","20260413","bubble","bath","zmax","7450-646203",0
"18",2026-04-13 09:46:00,18.1,7.37,"Mountain","Yes","20260413","bubble","bath","zmax","7450-646203",0
"19",2026-04-13 09:51:00,18.032,7.386,"Mountain","Yes","20260413","bubble","bath","zmax","7450-646203",0
"20",2026-04-13 09:56:00,18.066,7.38,"Mountain","Yes","20260413","bubble","bath","zmax","7450-646203",0
"21",2026-04-13 10:01:00,18.041,7.387,"Mountain","Yes","20260413","bubble","bath","zmax","7450-646203",0
"22",2026-04-13 10:06:00,18.024,7.387,"Mountain","Yes","20260413","bubble","bath","zmax","7450-646203",0
"23",2026-04-13 10:11:00,18.015,7.387,"Mountain","Yes","20260413","bubble","bath","zmax","7450-646203",0
"24",2026-04-13 10:16:00,17.982,7.391,"Mountain","Yes","20260413","bubble","bath","zmax","7450-646203",0
"25",2026-04-13 10:21:00,17.99,7.391,"Mountain","Yes","20260413","bubble","bath","zmax","7450-646203",0
"26",2026-04-13 10:26:00,17.99,7.395,"Mountain","Yes","20260413","bubble","bath","zmax","7450-646203",0
"27",2026-04-13 10:31:00,17.982,7.389,"Mountain","Yes","20260413","bubble","bath","zmax","7450-646203",0
"28",2026-04-13 10:36:00,17.973,7.388,"Mountain","Yes","20260413","bubble","bath","zmax","7450-646203",0
"29",2026-04-13 10:41:00,17.948,7.407,"Mountain","Yes","20260413","bubble","bath","zmax","7450-646203",0
"30",2026-04-13 10:46:00,17.948,7.4,"Mountain","Yes","20260413","bubble","bath","zmax","7450-646203",0
"31",2026-04-13 10:51:00,17.956,7.406,"Mountain","Yes","20260413","bubble","bath","zmax","7450-646203",0
"32",2026-04-13 10:56:00,17.923,7.401,"Mountain","Yes","20260413","bubble","bath","zmax","7450-646203",0
"33",2026-04-13 11:01:00,17.923,7.395,"Mountain","Yes","20260413","bubble","bath","zmax","7450-646203",0
"34",2026-04-13 11:06:00,17.914,7.388,"Mountain","Yes","20260413","bubble","bath","zmax","7450-646203",0
"35",2026-04-13 11:11:00,17.88,7.398,"Mountain","Yes","20260413","bubble","bath","zmax","7450-646203",0
"36",2026-04-13 11:16:00,17.88,7.396,"Mountain","Yes","20260413","bubble","bath","zmax","7450-646203",0
"37",2026-04-13 11:21:00,17.864,7.405,"Mountain","Yes","20260413","bubble","bath","zmax","7450-646203",0
"38",2026-04-13 11:26:00,17.838,7.408,"Mountain","Yes","20260413","bubble","bath","zmax","7450-646203",0
"39",2026-04-13 11:31:00,17.83,7.407,"Mountain","Yes","20260413","bubble","bath","zmax","7450-646203",0
"40",2026-04-13 11:36:00,17.83,7.408,"Mountain","Yes","20260413","bubble","bath","zmax","7450-646203",0
"41",2026-04-13 11:41:00,17.804,7.412,"Mountain","Yes","20260413","bubble","bath","zmax","7450-646203",0
"42",2026-04-13 11:46:00,17.821,7.406,"Mountain","Yes","20260413","bubble","bath","zmax","7450-646203",0
"43",2026-04-13 11:51:00,17.804,7.408,"Mountain","Yes","20260413","bubble","bath","zmax","7450-646203",0
"44",2026-04-13 11:56:00,17.788,7.418,"Mountain","Yes","20260413","bubble","bath","zmax","7450-646203",0
"45",2026-04-13 12:01:00,17.779,7.419,"Mountain","Yes","20260413","bubble","bath","zmax","7450-646203",0
"46",2026-04-13 12:06:00,17.779,7.419,"Mountain","Yes","20260413","bubble","bath","zmax","7450-646203",0
"47",2026-04-13 12:11:00,17.771,7.422,"Mountain","Yes","20260413","bubble","bath","zmax","7450-646203",0
"48",2026-04-13 12:16:00,17.762,7.415,"Mountain","Yes","20260413","bubble","bath","zmax","7450-646203",0
"49",2026-04-13 12:21:00,17.762,7.408,"Mountain","Yes","20260413","bubble","bath","zmax","7450-646203",0
"50",2026-04-13 12:26:00,17.754,7.418,"Mountain","Yes","20260413","bubble","bath","zmax","7450-646203",0
"51",2026-04-13 12:31:00,17.728,7.432,"Mountain","Yes","20260413","bubble","bath","zmax","7450-646203",0
"52",2026-04-13 12:36:00,17.72,7.423,"Mountain","Yes","20260413","bubble","bath","zmax","7450-646203",0
"53",2026-04-13 12:41:00,17.728,7.412,"Mountain","Yes","20260413","bubble","bath","zmax","7450-646203",0
"54",2026-04-13 12:46:00,17.711,7.431,"Mountain","Yes","20260413","bubble","bath","zmax","7450-646203",0
"55",2026-04-13 12:51:00,17.711,7.424,"Mountain","Yes","20260413","bubble","bath","zmax","7450-646203",0
"56",2026-04-13 12:56:00,17.72,7.422,"Mountain","Yes","20260413","bubble","bath","zmax","7450-646203",0
"57",2026-04-13 13:01:00,17.695,7.435,"Mountain","Yes","20260413","bubble","bath","zmax","7450-646203",0
"58",2026-04-13 13:06:00,17.686,7.431,"Mountain","Yes","20260413","bubble","bath","zmax","7450-646203",0
"59",2026-04-13 13:11:00,17.686,7.431,"Mountain","Yes","20260413","bubble","bath","zmax","7450-646203",0
"60",2026-04-13 13:16:00,17.678,7.428,"Mountain","Yes","20260413","bubble","bath","zmax","7450-646203",0
"61",2026-04-13 13:21:00,17.678,7.422,"Mountain","Yes","20260413","bubble","bath","zmax","7450-646203",0
"62",2026-04-13 13:26:00,17.686,7.425,"Mountain","Yes","20260413","bubble","bath","zmax","7450-646203",0
"63",2026-04-13 13:31:00,17.678,7.431,"Mountain","Yes","20260413","bubble","bath","zmax","7450-646203",0
"64",2026-04-13 13:36:00,17.652,7.434,"Mountain","Yes","20260413","bubble","bath","zmax","7450-646203",0
"65",2026-04-13 13:41:00,17.652,7.434,"Mountain","Yes","20260413","bubble","bath","zmax","7450-646203",0
"66",2026-04-13 13:46:00,17.635,7.435,"Mountain","Yes","20260413","bubble","bath","zmax","7450-646203",0
"67",2026-04-13 13:51:00,17.644,7.431,"Mountain","Yes","20260413","bubble","bath","zmax","7450-646203",0
"68",2026-04-13 13:56:00,17.627,7.436,"Mountain","Yes","20260413","bubble","bath","zmax","7450-646203",0
"69",2026-04-13 14:01:00,17.619,7.438,"Mountain","Yes","20260413","bubble","bath","zmax","7450-646203",0
"70",2026-04-13 14:06:00,17.61,7.438,"Mountain","Yes","20260413","bubble","bath","zmax","7450-646203",0
"71",2026-04-13 14:11:00,17.61,7.443,"Mountain","Yes","20260413","bubble","bath","zmax","7450-646203",0
"72",2026-04-13 14:16:00,17.593,7.441,"Mountain","Yes","20260413","bubble","bath","zmax","7450-646203",0
"73",2026-04-13 14:21:00,17.585,7.431,"Mountain","Yes","20260413","bubble","bath","zmax","7450-646203",0
"74",2026-04-13 14:26:00,17.593,7.444,"Mountain","Yes","20260413","bubble","bath","zmax","7450-646203",0
"75",2026-04-13 14:31:00,17.568,7.443,"Mountain","Yes","20260413","bubble","bath","zmax","7450-646203",0
"76",2026-04-13 14:36:00,17.593,7.433,"Mountain","Yes","20260413","bubble","bath","zmax","7450-646203",0
"77",2026-04-13 14:41:00,17.576,7.435,"Mountain","Yes","20260413","bubble","bath","zmax","7450-646203",0
"78",2026-04-13 14:46:00,17.568,7.448,"Mountain","Yes","20260413","bubble","bath","zmax","7450-646203",0
"79",2026-04-13 14:51:00,17.585,7.427,"Mountain","Yes","20260413","bubble","bath","zmax","7450-646203",0
"80",2026-04-13 14:56:00,17.576,7.437,"Mountain","Yes","20260413","bubble","bath","zmax","7450-646203",0
"81",2026-04-13 15:01:00,17.568,7.441,"Mountain","Yes","20260413","bubble","bath","zmax","7450-646203",0
"82",2026-04-13 15:06:00,17.576,7.436,"Mountain","Yes","20260413","bubble","bath","zmax","7450-646203",0
"83",2026-04-13 15:11:00,17.568,7.44,"Mountain","Yes","20260413","bubble","bath","zmax","7450-646203",0
"84",2026-04-13 15:16:00,17.551,7.451,"Mountain","Yes","20260413","bubble","bath","zmax","7450-646203",0
"85",2026-04-13 15:21:00,17.576,7.429,"Mountain","Yes","20260413","bubble","bath","zmax","7450-646203",0
"86",2026-04-13 15:26:00,17.551,7.448,"Mountain","Yes","20260413","bubble","bath","zmax","7450-646203",0
"87",2026-04-13 15:31:00,17.576,7.439,"Mountain","Yes","20260413","bubble","bath","zmax","7450-646203",0
"88",2026-04-13 08:23:00,21.104,7.121,"Mountain","Yes","20260413","bubble","bath","zmax","7392-663865",0
"89",2026-04-13 08:28:00,21.145,7.106,"Mountain","Yes","20260413","bubble","bath","zmax","7392-663865",0
"90",2026-04-13 08:33:00,21.112,7.108,"Mountain","Yes","20260413","bubble","bath","zmax","7392-663865",0
"91",2026-04-13 08:38:00,21.053,7.113,"Mountain","Yes","20260413","bubble","bath","zmax","7392-663865",0
"92",2026-04-13 08:43:00,21.062,7.119,"Mountain","Yes","20260413","bubble","bath","zmax","7392-663865",0
"93",2026-04-13 08:48:00,21.078,7.122,"Mountain","Yes","20260413","bubble","bath","zmax","7392-663865",0
"94",2026-04-13 08:53:00,19.227,7.19,"Mountain","Yes","20260413","bubble","bath","zmax","7392-663865",0
"95",2026-04-13 08:58:00,18.496,7.325,"Mountain","Yes","20260413","bubble","bath","zmax","7392-663865",0
"96",2026-04-13 09:03:00,18.319,7.357,"Mountain","Yes","20260413","bubble","bath","zmax","7392-663865",0
"97",2026-04-13 09:08:00,18.243,7.377,"Mountain","Yes","20260413","bubble","bath","zmax","7392-663865",0
"98",2026-04-13 09:13:00,18.21,7.365,"Mountain","Yes","20260413","bubble","bath","zmax","7392-663865",0
"99",2026-04-13 09:18:00,18.184,7.352,"Mountain","Yes","20260413","bubble","bath","zmax","7392-663865",0
"100",2026-04-13 09:23:00,18.151,7.364,"Mountain","Yes","20260413","bubble","bath","zmax","7392-663865",0
"101",2026-04-13 09:28:00,18.151,7.354,"Mountain","Yes","20260413","bubble","bath","zmax","7392-663865",0
"102",2026-04-13 09:33:00,18.117,7.356,"Mountain","Yes","20260413","bubble","bath","zmax","7392-663865",0
"103",2026-04-13 09:38:00,18.125,7.344,"Mountain","Yes","20260413","bubble","bath","zmax","7392-663865",0
"104",2026-04-13 09:43:00,18.1,7.344,"Mountain","Yes","20260413","bubble","bath","zmax","7392-663865",0
"105",2026-04-13 09:48:00,18.083,7.331,"Mountain","Yes","20260413","bubble","bath","zmax","7392-663865",0
"106",2026-04-13 09:53:00,18.092,7.332,"Mountain","Yes","20260413","bubble","bath","zmax","7392-663865",0
"107",2026-04-13 09:58:00,18.066,7.334,"Mountain","Yes","20260413","bubble","bath","zmax","7392-663865",0
"108",2026-04-13 10:03:00,18.05,7.342,"Mountain","Yes","20260413","bubble","bath","zmax","7392-663865",0
"109",2026-04-13 10:08:00,18.024,7.35,"Mountain","Yes","20260413","bubble","bath","zmax","7392-663865",0
"110",2026-04-13 10:13:00,18.024,7.343,"Mountain","Yes","20260413","bubble","bath","zmax","7392-663865",0
"111",2026-04-13 10:18:00,17.999,7.335,"Mountain","Yes","20260413","bubble","bath","zmax","7392-663865",0
"112",2026-04-13 10:23:00,17.999,7.351,"Mountain","Yes","20260413","bubble","bath","zmax","7392-663865",0
"113",2026-04-13 10:28:00,17.991,7.352,"Mountain","Yes","20260413","bubble","bath","zmax","7392-663865",0
"114",2026-04-13 10:33:00,17.965,7.341,"Mountain","Yes","20260413","bubble","bath","zmax","7392-663865",0
"115",2026-04-13 10:38:00,17.965,7.338,"Mountain","Yes","20260413","bubble","bath","zmax","7392-663865",0
"116",2026-04-13 10:43:00,17.982,7.342,"Mountain","Yes","20260413","bubble","bath","zmax","7392-663865",0
"117",2026-04-13 10:48:00,17.948,7.348,"Mountain","Yes","20260413","bubble","bath","zmax","7392-663865",0
"118",2026-04-13 10:53:00,17.957,7.344,"Mountain","Yes","20260413","bubble","bath","zmax","7392-663865",0
"119",2026-04-13 10:58:00,17.948,7.344,"Mountain","Yes","20260413","bubble","bath","zmax","7392-663865",0
"120",2026-04-13 11:03:00,17.931,7.35,"Mountain","Yes","20260413","bubble","bath","zmax","7392-663865",0
"121",2026-04-13 11:08:00,17.906,7.349,"Mountain","Yes","20260413","bubble","bath","zmax","7392-663865",0
"122",2026-04-13 11:13:00,17.889,7.34,"Mountain","Yes","20260413","bubble","bath","zmax","7392-663865",0
"123",2026-04-13 11:18:00,17.864,7.348,"Mountain","Yes","20260413","bubble","bath","zmax","7392-663865",0
"124",2026-04-13 11:23:00,17.864,7.341,"Mountain","Yes","20260413","bubble","bath","zmax","7392-663865",0
"125",2026-04-13 11:28:00,17.847,7.343,"Mountain","Yes","20260413","bubble","bath","zmax","7392-663865",0
"126",2026-04-13 11:33:00,17.813,7.36,"Mountain","Yes","20260413","bubble","bath","zmax","7392-663865",0
"127",2026-04-13 11:38:00,17.813,7.366,"Mountain","Yes","20260413","bubble","bath","zmax","7392-663865",0
"128",2026-04-13 11:43:00,17.822,7.363,"Mountain","Yes","20260413","bubble","bath","zmax","7392-663865",0
"129",2026-04-13 11:48:00,17.805,7.365,"Mountain","Yes","20260413","bubble","bath","zmax","7392-663865",0
"130",2026-04-13 11:53:00,17.805,7.346,"Mountain","Yes","20260413","bubble","bath","zmax","7392-663865",0
"131",2026-04-13 11:58:00,17.788,7.374,"Mountain","Yes","20260413","bubble","bath","zmax","7392-663865",0
"132",2026-04-13 12:03:00,17.754,7.376,"Mountain","Yes","20260413","bubble","bath","zmax","7392-663865",0
"133",2026-04-13 12:08:00,17.788,7.361,"Mountain","Yes","20260413","bubble","bath","zmax","7392-663865",0
"134",2026-04-13 12:13:00,17.771,7.365,"Mountain","Yes","20260413","bubble","bath","zmax","7392-663865",0
"135",2026-04-13 12:18:00,17.771,7.376,"Mountain","Yes","20260413","bubble","bath","zmax","7392-663865",0
"136",2026-04-13 12:23:00,17.746,7.371,"Mountain","Yes","20260413","bubble","bath","zmax","7392-663865",0
"137",2026-04-13 12:28:00,17.746,7.379,"Mountain","Yes","20260413","bubble","bath","zmax","7392-663865",0
"138",2026-04-13 12:33:00,17.754,7.369,"Mountain","Yes","20260413","bubble","bath","zmax","7392-663865",0
"139",2026-04-13 12:38:00,17.737,7.371,"Mountain","Yes","20260413","bubble","bath","zmax","7392-663865",0
"140",2026-04-13 12:43:00,17.72,7.379,"Mountain","Yes","20260413","bubble","bath","zmax","7392-663865",0
"141",2026-04-13 12:48:00,17.712,7.378,"Mountain","Yes","20260413","bubble","bath","zmax","7392-663865",0
"142",2026-04-13 12:53:00,17.695,7.373,"Mountain","Yes","20260413","bubble","bath","zmax","7392-663865",0
"143",2026-04-13 12:58:00,17.704,7.369,"Mountain","Yes","20260413","bubble","bath","zmax","7392-663865",0
"144",2026-04-13 13:03:00,17.712,7.365,"Mountain","Yes","20260413","bubble","bath","zmax","7392-663865",0
"145",2026-04-13 13:08:00,17.72,7.381,"Mountain","Yes","20260413","bubble","bath","zmax","7392-663865",0
"146",2026-04-13 13:13:00,17.687,7.366,"Mountain","Yes","20260413","bubble","bath","zmax","7392-663865",0
"147",2026-04-13 13:18:00,17.678,7.381,"Mountain","Yes","20260413","bubble","bath","zmax","7392-663865",0
"148",2026-04-13 13:23:00,17.678,7.374,"Mountain","Yes","20260413","bubble","bath","zmax","7392-663865",0
"149",2026-04-13 13:28:00,17.687,7.379,"Mountain","Yes","20260413","bubble","bath","zmax","7392-663865",0
"150",2026-04-13 13:33:00,17.678,7.377,"Mountain","Yes","20260413","bubble","bath","zmax","7392-663865",0
"151",2026-04-13 13:38:00,17.67,7.375,"Mountain","Yes","20260413","bubble","bath","zmax","7392-663865",0
"152",2026-04-13 13:43:00,17.678,7.381,"Mountain","Yes","20260413","bubble","bath","zmax","7392-663865",0
"153",2026-04-13 13:48:00,17.636,7.375,"Mountain","Yes","20260413","bubble","bath","zmax","7392-663865",0
"154",2026-04-13 13:53:00,17.644,7.39,"Mountain","Yes","20260413","bubble","bath","zmax","7392-663865",0
"155",2026-04-13 13:58:00,17.627,7.384,"Mountain","Yes","20260413","bubble","bath","zmax","7392-663865",0
"156",2026-04-13 14:03:00,17.627,7.389,"Mountain","Yes","20260413","bubble","bath","zmax","7392-663865",0
"157",2026-04-13 14:08:00,17.611,7.381,"Mountain","Yes","20260413","bubble","bath","zmax","7392-663865",0
"158",2026-04-13 14:13:00,17.619,7.365,"Mountain","Yes","20260413","bubble","bath","zmax","7392-663865",0
"159",2026-04-13 14:18:00,17.611,7.378,"Mountain","Yes","20260413","bubble","bath","zmax","7392-663865",0
"160",2026-04-13 14:23:00,17.602,7.378,"Mountain","Yes","20260413","bubble","bath","zmax","7392-663865",0
"161",2026-04-13 14:28:00,17.585,7.383,"Mountain","Yes","20260413","bubble","bath","zmax","7392-663865",0
"162",2026-04-13 14:33:00,17.568,7.386,"Mountain","Yes","20260413","bubble","bath","zmax","7392-663865",0
"163",2026-04-13 14:38:00,17.56,7.402,"Mountain","Yes","20260413","bubble","bath","zmax","7392-663865",0
"164",2026-04-13 14:43:00,17.551,7.401,"Mountain","Yes","20260413","bubble","bath","zmax","7392-663865",0
"165",2026-04-13 14:48:00,17.594,7.384,"Mountain","Yes","20260413","bubble","bath","zmax","7392-663865",0
"166",2026-04-13 14:53:00,17.577,7.396,"Mountain","Yes","20260413","bubble","bath","zmax","7392-663865",0
"167",2026-04-13 14:58:00,17.577,7.382,"Mountain","Yes","20260413","bubble","bath","zmax","7392-663865",0
"168",2026-04-13 15:03:00,17.551,7.383,"Mountain","Yes","20260413","bubble","bath","zmax","7392-663865",0
"169",2026-04-13 15:08:00,17.56,7.39,"Mountain","Yes","20260413","bubble","bath","zmax","7392-663865",0
"170",2026-04-13 15:13:00,17.602,7.367,"Mountain","Yes","20260413","bubble","bath","zmax","7392-663865",0
"171",2026-04-13 15:18:00,17.568,7.388,"Mountain","Yes","20260413","bubble","bath","zmax","7392-663865",0
"172",2026-04-13 15:23:00,17.56,7.388,"Mountain","Yes","20260413","bubble","bath","zmax","7392-663865",0
"173",2026-04-13 15:28:00,17.585,7.377,"Mountain","Yes","20260413","bubble","bath","zmax","7392-663865",0
"174",2026-04-13 15:33:00,17.475,7.353,"Mountain","Yes","20260413","bubble","bath","zmax","7392-663865",0
"175",2026-04-13 15:38:00,17.611,7.381,"Mountain","Yes","20260413","bubble","bath","zmax","7392-663865",0
"176",2026-04-13 15:43:00,17.729,7.398,"Mountain","Yes","20260413","bubble","bath","zmax","7392-663865",0
"177",2026-04-13 15:48:00,17.847,7.396,"Mountain","Yes","20260413","bubble","bath","zmax","7392-663865",0
"178",2026-04-13 15:53:00,17.923,7.419,"Mountain","Yes","20260413","bubble","bath","zmax","7392-663865",0
"179",2026-04-13 15:58:00,17.889,7.473,"Mountain","Yes","20260413","bubble","bath","zmax","7392-663865",0
"180",2026-04-13 08:25:00,20.775,7.134,"Mountain","Yes","20260413","bubble","bath","zmax","7450-594648",0
"181",2026-04-13 08:30:00,20.817,7.094,"Mountain","Yes","20260413","bubble","bath","zmax","7450-594648",0
"182",2026-04-13 08:35:00,20.833,7.136,"Mountain","Yes","20260413","bubble","bath","zmax","7450-594648",0
"183",2026-04-13 08:40:00,20.8,7.139,"Mountain","Yes","20260413","bubble","bath","zmax","7450-594648",0
"184",2026-04-13 08:45:00,20.783,7.14,"Mountain","Yes","20260413","bubble","bath","zmax","7450-594648",0
"185",2026-04-13 08:50:00,20.783,7.114,"Mountain","Yes","20260413","bubble","bath","zmax","7450-594648",0
"186",2026-04-13 08:55:00,18.686,7.233,"Mountain","Yes","20260413","bubble","bath","zmax","7450-594648",0
"187",2026-04-13 09:00:00,18.358,7.27,"Mountain","Yes","20260413","bubble","bath","zmax","7450-594648",0
"188",2026-04-13 09:05:00,18.282,7.251,"Mountain","Yes","20260413","bubble","bath","zmax","7450-594648",0
"189",2026-04-13 09:10:00,18.231,7.254,"Mountain","Yes","20260413","bubble","bath","zmax","7450-594648",0
"190",2026-04-13 09:15:00,18.231,7.231,"Mountain","Yes","20260413","bubble","bath","zmax","7450-594648",0
"191",2026-04-13 09:20:00,18.189,7.231,"Mountain","Yes","20260413","bubble","bath","zmax","7450-594648",0
"192",2026-04-13 09:25:00,18.155,7.227,"Mountain","Yes","20260413","bubble","bath","zmax","7450-594648",0
"193",2026-04-13 09:30:00,18.139,7.244,"Mountain","Yes","20260413","bubble","bath","zmax","7450-594648",0
"194",2026-04-13 09:35:00,18.113,7.221,"Mountain","Yes","20260413","bubble","bath","zmax","7450-594648",0
"195",2026-04-13 09:40:00,18.105,7.221,"Mountain","Yes","20260413","bubble","bath","zmax","7450-594648",0
"196",2026-04-13 09:45:00,18.113,7.21,"Mountain","Yes","20260413","bubble","bath","zmax","7450-594648",0
"197",2026-04-13 09:50:00,18.071,7.228,"Mountain","Yes","20260413","bubble","bath","zmax","7450-594648",0
"198",2026-04-13 09:55:00,18.054,7.219,"Mountain","Yes","20260413","bubble","bath","zmax","7450-594648",0
"199",2026-04-13 10:00:00,18.054,7.226,"Mountain","Yes","20260413","bubble","bath","zmax","7450-594648",0
"200",2026-04-13 10:05:00,18.037,7.229,"Mountain","Yes","20260413","bubble","bath","zmax","7450-594648",0
"201",2026-04-13 10:10:00,18.021,7.24,"Mountain","Yes","20260413","bubble","bath","zmax","7450-594648",0
"202",2026-04-13 10:15:00,18.021,7.225,"Mountain","Yes","20260413","bubble","bath","zmax","7450-594648",0
"203",2026-04-13 10:20:00,17.995,7.223,"Mountain","Yes","20260413","bubble","bath","zmax","7450-594648",0
"204",2026-04-13 10:25:00,18.004,7.229,"Mountain","Yes","20260413","bubble","bath","zmax","7450-594648",0
"205",2026-04-13 10:30:00,17.995,7.211,"Mountain","Yes","20260413","bubble","bath","zmax","7450-594648",0
"206",2026-04-13 10:35:00,17.97,7.239,"Mountain","Yes","20260413","bubble","bath","zmax","7450-594648",0
"207",2026-04-13 10:40:00,17.97,7.22,"Mountain","Yes","20260413","bubble","bath","zmax","7450-594648",0
"208",2026-04-13 10:45:00,17.97,7.222,"Mountain","Yes","20260413","bubble","bath","zmax","7450-594648",0
"209",2026-04-13 10:50:00,17.953,7.233,"Mountain","Yes","20260413","bubble","bath","zmax","7450-594648",0
"210",2026-04-13 10:55:00,17.928,7.246,"Mountain","Yes","20260413","bubble","bath","zmax","7450-594648",0
"211",2026-04-13 11:00:00,17.945,7.239,"Mountain","Yes","20260413","bubble","bath","zmax","7450-594648",0
"212",2026-04-13 11:05:00,17.919,7.244,"Mountain","Yes","20260413","bubble","bath","zmax","7450-594648",0
"213",2026-04-13 11:10:00,17.894,7.23,"Mountain","Yes","20260413","bubble","bath","zmax","7450-594648",0
"214",2026-04-13 11:15:00,17.886,7.247,"Mountain","Yes","20260413","bubble","bath","zmax","7450-594648",0
"215",2026-04-13 11:20:00,17.86,7.24,"Mountain","Yes","20260413","bubble","bath","zmax","7450-594648",0
"216",2026-04-13 11:25:00,17.843,7.26,"Mountain","Yes","20260413","bubble","bath","zmax","7450-594648",0
"217",2026-04-13 11:30:00,17.843,7.249,"Mountain","Yes","20260413","bubble","bath","zmax","7450-594648",0
"218",2026-04-13 11:35:00,17.835,7.256,"Mountain","Yes","20260413","bubble","bath","zmax","7450-594648",0
"219",2026-04-13 11:40:00,17.843,7.247,"Mountain","Yes","20260413","bubble","bath","zmax","7450-594648",0
"220",2026-04-13 11:45:00,17.801,7.258,"Mountain","Yes","20260413","bubble","bath","zmax","7450-594648",0
"221",2026-04-13 11:50:00,17.801,7.251,"Mountain","Yes","20260413","bubble","bath","zmax","7450-594648",0
"222",2026-04-13 11:55:00,17.784,7.256,"Mountain","Yes","20260413","bubble","bath","zmax","7450-594648",0
"223",2026-04-13 12:00:00,17.793,7.257,"Mountain","Yes","20260413","bubble","bath","zmax","7450-594648",0
"224",2026-04-13 12:05:00,17.776,7.266,"Mountain","Yes","20260413","bubble","bath","zmax","7450-594648",0
"225",2026-04-13 12:10:00,17.801,7.247,"Mountain","Yes","20260413","bubble","bath","zmax","7450-594648",0
"226",2026-04-13 12:15:00,17.75,7.27,"Mountain","Yes","20260413","bubble","bath","zmax","7450-594648",0
"227",2026-04-13 12:20:00,17.767,7.261,"Mountain","Yes","20260413","bubble","bath","zmax","7450-594648",0
"228",2026-04-13 12:25:00,17.742,7.268,"Mountain","Yes","20260413","bubble","bath","zmax","7450-594648",0
"229",2026-04-13 12:30:00,17.742,7.258,"Mountain","Yes","20260413","bubble","bath","zmax","7450-594648",0
"230",2026-04-13 12:35:00,17.742,7.245,"Mountain","Yes","20260413","bubble","bath","zmax","7450-594648",0
"231",2026-04-13 12:40:00,17.734,7.268,"Mountain","Yes","20260413","bubble","bath","zmax","7450-594648",0
"232",2026-04-13 12:45:00,17.742,7.245,"Mountain","Yes","20260413","bubble","bath","zmax","7450-594648",0
"233",2026-04-13 12:50:00,17.725,7.271,"Mountain","Yes","20260413","bubble","bath","zmax","7450-594648",0
"234",2026-04-13 12:55:00,17.717,7.253,"Mountain","Yes","20260413","bubble","bath","zmax","7450-594648",0
"235",2026-04-13 13:00:00,17.7,7.266,"Mountain","Yes","20260413","bubble","bath","zmax","7450-594648",0
"236",2026-04-13 13:05:00,17.7,7.266,"Mountain","Yes","20260413","bubble","bath","zmax","7450-594648",0
"237",2026-04-13 13:10:00,17.7,7.258,"Mountain","Yes","20260413","bubble","bath","zmax","7450-594648",0
"238",2026-04-13 13:15:00,17.708,7.254,"Mountain","Yes","20260413","bubble","bath","zmax","7450-594648",0
"239",2026-04-13 13:20:00,17.7,7.268,"Mountain","Yes","20260413","bubble","bath","zmax","7450-594648",0
"240",2026-04-13 13:25:00,17.691,7.271,"Mountain","Yes","20260413","bubble","bath","zmax","7450-594648",0
"241",2026-04-13 13:30:00,17.691,7.257,"Mountain","Yes","20260413","bubble","bath","zmax","7450-594648",0
"242",2026-04-13 13:35:00,17.683,7.27,"Mountain","Yes","20260413","bubble","bath","zmax","7450-594648",0
"243",2026-04-13 13:40:00,17.658,7.269,"Mountain","Yes","20260413","bubble","bath","zmax","7450-594648",0
"244",2026-04-13 13:45:00,17.666,7.248,"Mountain","Yes","20260413","bubble","bath","zmax","7450-594648",0
"245",2026-04-13 13:50:00,17.649,7.269,"Mountain","Yes","20260413","bubble","bath","zmax","7450-594648",0
"246",2026-04-13 13:55:00,17.632,7.275,"Mountain","Yes","20260413","bubble","bath","zmax","7450-594648",0
"247",2026-04-13 14:00:00,17.615,7.266,"Mountain","Yes","20260413","bubble","bath","zmax","7450-594648",0
"248",2026-04-13 14:05:00,17.607,7.275,"Mountain","Yes","20260413","bubble","bath","zmax","7450-594648",0
"249",2026-04-13 14:10:00,17.624,7.269,"Mountain","Yes","20260413","bubble","bath","zmax","7450-594648",0
"250",2026-04-13 14:15:00,17.615,7.266,"Mountain","Yes","20260413","bubble","bath","zmax","7450-594648",0
"251",2026-04-13 14:20:00,17.624,7.262,"Mountain","Yes","20260413","bubble","bath","zmax","7450-594648",0
"252",2026-04-13 14:25:00,17.59,7.267,"Mountain","Yes","20260413","bubble","bath","zmax","7450-594648",0
"253",2026-04-13 14:30:00,17.59,7.262,"Mountain","Yes","20260413","bubble","bath","zmax","7450-594648",0
"254",2026-04-13 14:35:00,17.581,7.273,"Mountain","Yes","20260413","bubble","bath","zmax","7450-594648",0
"255",2026-04-13 14:40:00,17.581,7.265,"Mountain","Yes","20260413","bubble","bath","zmax","7450-594648",0
"256",2026-04-13 14:45:00,17.581,7.276,"Mountain","Yes","20260413","bubble","bath","zmax","7450-594648",0
"257",2026-04-13 14:50:00,17.59,7.272,"Mountain","Yes","20260413","bubble","bath","zmax","7450-594648",0
"258",2026-04-13 14:55:00,17.573,7.275,"Mountain","Yes","20260413","bubble","bath","zmax","7450-594648",0
"259",2026-04-13 15:00:00,17.581,7.267,"Mountain","Yes","20260413","bubble","bath","zmax","7450-594648",0
"260",2026-04-13 15:05:00,17.59,7.257,"Mountain","Yes","20260413","bubble","bath","zmax","7450-594648",0
"261",2026-04-13 15:10:00,17.573,7.267,"Mountain","Yes","20260413","bubble","bath","zmax","7450-594648",0
"262",2026-04-13 15:15:00,17.556,7.268,"Mountain","Yes","20260413","bubble","bath","zmax","7450-594648",0
"263",2026-04-13 15:20:00,17.573,7.263,"Mountain","Yes","20260413","bubble","bath","zmax","7450-594648",0
"264",2026-04-13 15:25:00,17.573,7.263,"Mountain","Yes","20260413","bubble","bath","zmax","7450-594648",0
"265",2026-04-13 15:30:00,17.573,7.286,"Mountain","Yes","20260413","bubble","bath","zmax","7450-594648",0
"266",2026-04-13 15:35:00,17.133,7.345,"Mountain","Yes","20260413","bubble","bath","zmax","7450-594648",0
"267",2026-04-13 15:40:00,17.057,7.435,"Mountain","Yes","20260413","bubble","bath","zmax","7450-594648",0
"268",2026-04-13 15:45:00,17.167,7.485,"Mountain","Yes","20260413","bubble","bath","zmax","7450-594648",0
"269",2026-04-13 15:50:00,17.277,7.47,"Mountain","Yes","20260413","bubble","bath","zmax","7450-594648",0
"270",2026-04-13 08:26:00,20.975,7.148,"Mountain","Yes","20260413","bubble","bath","zmax","7392-083315",0
"271",2026-04-13 08:31:00,20.975,7.16,"Mountain","Yes","20260413","bubble","bath","zmax","7392-083315",0
"272",2026-04-13 08:36:00,20.975,7.129,"Mountain","Yes","20260413","bubble","bath","zmax","7392-083315",0
"273",2026-04-13 08:41:00,21.526,7.065,"Mountain","Yes","20260413","bubble","bath","zmax","7392-083315",0
"274",2026-04-13 08:46:00,21.585,7.077,"Mountain","Yes","20260413","bubble","bath","zmax","7392-083315",0
"275",2026-04-13 08:51:00,20.357,6.974,"Mountain","Yes","20260413","bubble","bath","zmax","7392-083315",0
"276",2026-04-13 08:56:00,18.748,7.284,"Mountain","Yes","20260413","bubble","bath","zmax","7392-083315",0
"277",2026-04-13 09:01:00,18.404,7.364,"Mountain","Yes","20260413","bubble","bath","zmax","7392-083315",0
"278",2026-04-13 09:06:00,18.303,7.358,"Mountain","Yes","20260413","bubble","bath","zmax","7392-083315",0
"279",2026-04-13 09:11:00,18.218,7.375,"Mountain","Yes","20260413","bubble","bath","zmax","7392-083315",0
"280",2026-04-13 09:16:00,18.21,7.368,"Mountain","Yes","20260413","bubble","bath","zmax","7392-083315",0
"281",2026-04-13 09:21:00,18.176,7.372,"Mountain","Yes","20260413","bubble","bath","zmax","7392-083315",0
"282",2026-04-13 09:26:00,18.159,7.367,"Mountain","Yes","20260413","bubble","bath","zmax","7392-083315",0
"283",2026-04-13 09:31:00,18.126,7.349,"Mountain","Yes","20260413","bubble","bath","zmax","7392-083315",0
"284",2026-04-13 09:36:00,18.117,7.354,"Mountain","Yes","20260413","bubble","bath","zmax","7392-083315",0
"285",2026-04-13 09:41:00,18.109,7.332,"Mountain","Yes","20260413","bubble","bath","zmax","7392-083315",0
"286",2026-04-13 09:46:00,18.092,7.35,"Mountain","Yes","20260413","bubble","bath","zmax","7392-083315",0
"287",2026-04-13 09:51:00,18.084,7.36,"Mountain","Yes","20260413","bubble","bath","zmax","7392-083315",0
"288",2026-04-13 09:56:00,18.067,7.357,"Mountain","Yes","20260413","bubble","bath","zmax","7392-083315",0
"289",2026-04-13 10:01:00,18.042,7.374,"Mountain","Yes","20260413","bubble","bath","zmax","7392-083315",0
"290",2026-04-13 10:06:00,18.033,7.341,"Mountain","Yes","20260413","bubble","bath","zmax","7392-083315",0
"291",2026-04-13 10:11:00,18.008,7.35,"Mountain","Yes","20260413","bubble","bath","zmax","7392-083315",0
"292",2026-04-13 10:16:00,18.016,7.362,"Mountain","Yes","20260413","bubble","bath","zmax","7392-083315",0
"293",2026-04-13 10:21:00,18.025,7.355,"Mountain","Yes","20260413","bubble","bath","zmax","7392-083315",0
"294",2026-04-13 10:26:00,17.983,7.346,"Mountain","Yes","20260413","bubble","bath","zmax","7392-083315",0
"295",2026-04-13 10:31:00,17.983,7.342,"Mountain","Yes","20260413","bubble","bath","zmax","7392-083315",0
"296",2026-04-13 10:36:00,17.974,7.365,"Mountain","Yes","20260413","bubble","bath","zmax","7392-083315",0
"297",2026-04-13 10:41:00,17.991,7.348,"Mountain","Yes","20260413","bubble","bath","zmax","7392-083315",0
"298",2026-04-13 10:46:00,17.974,7.355,"Mountain","Yes","20260413","bubble","bath","zmax","7392-083315",0
"299",2026-04-13 10:51:00,17.957,7.351,"Mountain","Yes","20260413","bubble","bath","zmax","7392-083315",0
"300",2026-04-13 10:56:00,17.94,7.35,"Mountain","Yes","20260413","bubble","bath","zmax","7392-083315",0
"301",2026-04-13 11:01:00,17.94,7.357,"Mountain","Yes","20260413","bubble","bath","zmax","7392-083315",0
"302",2026-04-13 11:06:00,17.924,7.35,"Mountain","Yes","20260413","bubble","bath","zmax","7392-083315",0
"303",2026-04-13 11:11:00,17.881,7.372,"Mountain","Yes","20260413","bubble","bath","zmax","7392-083315",0
"304",2026-04-13 11:16:00,17.865,7.375,"Mountain","Yes","20260413","bubble","bath","zmax","7392-083315",0
"305",2026-04-13 11:21:00,17.848,7.365,"Mountain","Yes","20260413","bubble","bath","zmax","7392-083315",0
"306",2026-04-13 11:26:00,17.848,7.35,"Mountain","Yes","20260413","bubble","bath","zmax","7392-083315",0
"307",2026-04-13 11:31:00,17.856,7.377,"Mountain","Yes","20260413","bubble","bath","zmax","7392-083315",0
"308",2026-04-13 11:36:00,17.831,7.35,"Mountain","Yes","20260413","bubble","bath","zmax","7392-083315",0
"309",2026-04-13 11:41:00,17.831,7.361,"Mountain","Yes","20260413","bubble","bath","zmax","7392-083315",0
"310",2026-04-13 11:46:00,17.814,7.363,"Mountain","Yes","20260413","bubble","bath","zmax","7392-083315",0
"311",2026-04-13 11:51:00,17.806,7.364,"Mountain","Yes","20260413","bubble","bath","zmax","7392-083315",0
"312",2026-04-13 11:56:00,17.797,7.388,"Mountain","Yes","20260413","bubble","bath","zmax","7392-083315",0
"313",2026-04-13 12:01:00,17.797,7.374,"Mountain","Yes","20260413","bubble","bath","zmax","7392-083315",0
"314",2026-04-13 12:06:00,17.738,7.38,"Mountain","Yes","20260413","bubble","bath","zmax","7392-083315",0
"315",2026-04-13 12:11:00,17.78,7.372,"Mountain","Yes","20260413","bubble","bath","zmax","7392-083315",0
"316",2026-04-13 12:16:00,17.78,7.364,"Mountain","Yes","20260413","bubble","bath","zmax","7392-083315",0
"317",2026-04-13 12:21:00,17.763,7.378,"Mountain","Yes","20260413","bubble","bath","zmax","7392-083315",0
"318",2026-04-13 12:26:00,17.755,7.377,"Mountain","Yes","20260413","bubble","bath","zmax","7392-083315",0
"319",2026-04-13 12:31:00,17.755,7.378,"Mountain","Yes","20260413","bubble","bath","zmax","7392-083315",0
"320",2026-04-13 12:36:00,17.747,7.385,"Mountain","Yes","20260413","bubble","bath","zmax","7392-083315",0
"321",2026-04-13 12:41:00,17.738,7.376,"Mountain","Yes","20260413","bubble","bath","zmax","7392-083315",0
"322",2026-04-13 12:46:00,17.73,7.367,"Mountain","Yes","20260413","bubble","bath","zmax","7392-083315",0
"323",2026-04-13 12:51:00,17.721,7.363,"Mountain","Yes","20260413","bubble","bath","zmax","7392-083315",0
"324",2026-04-13 12:56:00,17.721,7.373,"Mountain","Yes","20260413","bubble","bath","zmax","7392-083315",0
"325",2026-04-13 13:01:00,17.704,7.379,"Mountain","Yes","20260413","bubble","bath","zmax","7392-083315",0
"326",2026-04-13 13:06:00,17.704,7.39,"Mountain","Yes","20260413","bubble","bath","zmax","7392-083315",0
"327",2026-04-13 13:11:00,17.704,7.382,"Mountain","Yes","20260413","bubble","bath","zmax","7392-083315",0
"328",2026-04-13 13:16:00,17.688,7.39,"Mountain","Yes","20260413","bubble","bath","zmax","7392-083315",0
"329",2026-04-13 13:21:00,17.688,7.395,"Mountain","Yes","20260413","bubble","bath","zmax","7392-083315",0
"330",2026-04-13 13:26:00,17.679,7.387,"Mountain","Yes","20260413","bubble","bath","zmax","7392-083315",0
"331",2026-04-13 13:31:00,17.679,7.378,"Mountain","Yes","20260413","bubble","bath","zmax","7392-083315",0
"332",2026-04-13 13:36:00,17.671,7.376,"Mountain","Yes","20260413","bubble","bath","zmax","7392-083315",0
"333",2026-04-13 13:41:00,17.662,7.39,"Mountain","Yes","20260413","bubble","bath","zmax","7392-083315",0
"334",2026-04-13 13:46:00,17.662,7.375,"Mountain","Yes","20260413","bubble","bath","zmax","7392-083315",0
"335",2026-04-13 13:51:00,17.645,7.385,"Mountain","Yes","20260413","bubble","bath","zmax","7392-083315",0
"336",2026-04-13 13:56:00,17.628,7.386,"Mountain","Yes","20260413","bubble","bath","zmax","7392-083315",0
"337",2026-04-13 14:01:00,17.628,7.376,"Mountain","Yes","20260413","bubble","bath","zmax","7392-083315",0
"338",2026-04-13 14:06:00,17.628,7.387,"Mountain","Yes","20260413","bubble","bath","zmax","7392-083315",0
"339",2026-04-13 14:11:00,17.612,7.395,"Mountain","Yes","20260413","bubble","bath","zmax","7392-083315",0
"340",2026-04-13 14:16:00,17.603,7.397,"Mountain","Yes","20260413","bubble","bath","zmax","7392-083315",0
"341",2026-04-13 14:21:00,17.628,7.382,"Mountain","Yes","20260413","bubble","bath","zmax","7392-083315",0
"342",2026-04-13 14:26:00,17.612,7.4,"Mountain","Yes","20260413","bubble","bath","zmax","7392-083315",0
"343",2026-04-13 14:31:00,17.595,7.386,"Mountain","Yes","20260413","bubble","bath","zmax","7392-083315",0
"344",2026-04-13 14:36:00,17.603,7.391,"Mountain","Yes","20260413","bubble","bath","zmax","7392-083315",0
"345",2026-04-13 14:41:00,17.595,7.403,"Mountain","Yes","20260413","bubble","bath","zmax","7392-083315",0
"346",2026-04-13 14:46:00,17.595,7.385,"Mountain","Yes","20260413","bubble","bath","zmax","7392-083315",0
"347",2026-04-13 14:51:00,17.578,7.4,"Mountain","Yes","20260413","bubble","bath","zmax","7392-083315",0
"348",2026-04-13 14:56:00,17.586,7.388,"Mountain","Yes","20260413","bubble","bath","zmax","7392-083315",0
"349",2026-04-13 15:01:00,17.569,7.395,"Mountain","Yes","20260413","bubble","bath","zmax","7392-083315",0
"350",2026-04-13 15:06:00,17.578,7.39,"Mountain","Yes","20260413","bubble","bath","zmax","7392-083315",0
"351",2026-04-13 15:11:00,17.595,7.381,"Mountain","Yes","20260413","bubble","bath","zmax","7392-083315",0
"352",2026-04-13 15:16:00,17.578,7.381,"Mountain","Yes","20260413","bubble","bath","zmax","7392-083315",0
"353",2026-04-13 15:21:00,17.561,7.412,"Mountain","Yes","20260413","bubble","bath","zmax","7392-083315",0
"354",2026-04-13 15:26:00,17.578,7.385,"Mountain","Yes","20260413","bubble","bath","zmax","7392-083315",0
"355",2026-04-13 15:31:00,17.392,7.294,"Mountain","Yes","20260413","bubble","bath","zmax","7392-083315",0
"356",2026-04-13 15:36:00,17.257,7.445,"Mountain","Yes","20260413","bubble","bath","zmax","7392-083315",0
"357",2026-04-13 08:27:00,20.832,7.022,"Mountain","Yes","20260413","bubble","bath","zmax","7450-578036",0
"358",2026-04-13 08:32:00,20.866,7.021,"Mountain","Yes","20260413","bubble","bath","zmax","7450-578036",0
"359",2026-04-13 08:37:00,20.858,7.021,"Mountain","Yes","20260413","bubble","bath","zmax","7450-578036",0
"360",2026-04-13 08:42:00,20.824,7.025,"Mountain","Yes","20260413","bubble","bath","zmax","7450-578036",0
"361",2026-04-13 08:47:00,20.824,7.022,"Mountain","Yes","20260413","bubble","bath","zmax","7450-578036",0
"362",2026-04-13 08:52:00,19.3,7.02,"Mountain","Yes","20260413","bubble","bath","zmax","7450-578036",0
"363",2026-04-13 08:57:00,18.434,7.213,"Mountain","Yes","20260413","bubble","bath","zmax","7450-578036",0
"364",2026-04-13 09:02:00,18.3,7.239,"Mountain","Yes","20260413","bubble","bath","zmax","7450-578036",0
"365",2026-04-13 09:07:00,18.249,7.231,"Mountain","Yes","20260413","bubble","bath","zmax","7450-578036",0
"366",2026-04-13 09:12:00,18.207,7.237,"Mountain","Yes","20260413","bubble","bath","zmax","7450-578036",0
"367",2026-04-13 09:17:00,18.19,7.229,"Mountain","Yes","20260413","bubble","bath","zmax","7450-578036",0
"368",2026-04-13 09:22:00,18.156,7.231,"Mountain","Yes","20260413","bubble","bath","zmax","7450-578036",0
"369",2026-04-13 09:27:00,18.123,7.236,"Mountain","Yes","20260413","bubble","bath","zmax","7450-578036",0
"370",2026-04-13 09:32:00,18.114,7.223,"Mountain","Yes","20260413","bubble","bath","zmax","7450-578036",0
"371",2026-04-13 09:37:00,18.123,7.22,"Mountain","Yes","20260413","bubble","bath","zmax","7450-578036",0
"372",2026-04-13 09:42:00,18.089,7.222,"Mountain","Yes","20260413","bubble","bath","zmax","7450-578036",0
"373",2026-04-13 09:47:00,18.089,7.219,"Mountain","Yes","20260413","bubble","bath","zmax","7450-578036",0
"374",2026-04-13 09:52:00,18.098,7.212,"Mountain","Yes","20260413","bubble","bath","zmax","7450-578036",0
"375",2026-04-13 09:57:00,18.064,7.206,"Mountain","Yes","20260413","bubble","bath","zmax","7450-578036",0
"376",2026-04-13 10:02:00,18.038,7.229,"Mountain","Yes","20260413","bubble","bath","zmax","7450-578036",0
"377",2026-04-13 10:07:00,18.013,7.222,"Mountain","Yes","20260413","bubble","bath","zmax","7450-578036",0
"378",2026-04-13 10:12:00,18.022,7.214,"Mountain","Yes","20260413","bubble","bath","zmax","7450-578036",0
"379",2026-04-13 10:17:00,18.005,7.223,"Mountain","Yes","20260413","bubble","bath","zmax","7450-578036",0
"380",2026-04-13 10:22:00,18.005,7.221,"Mountain","Yes","20260413","bubble","bath","zmax","7450-578036",0
"381",2026-04-13 10:27:00,17.996,7.216,"Mountain","Yes","20260413","bubble","bath","zmax","7450-578036",0
"382",2026-04-13 10:32:00,17.971,7.219,"Mountain","Yes","20260413","bubble","bath","zmax","7450-578036",0
"383",2026-04-13 10:37:00,17.979,7.223,"Mountain","Yes","20260413","bubble","bath","zmax","7450-578036",0
"384",2026-04-13 10:42:00,17.971,7.219,"Mountain","Yes","20260413","bubble","bath","zmax","7450-578036",0
"385",2026-04-13 10:47:00,17.971,7.227,"Mountain","Yes","20260413","bubble","bath","zmax","7450-578036",0
"386",2026-04-13 10:52:00,17.937,7.229,"Mountain","Yes","20260413","bubble","bath","zmax","7450-578036",0
"387",2026-04-13 10:57:00,17.937,7.228,"Mountain","Yes","20260413","bubble","bath","zmax","7450-578036",0
"388",2026-04-13 11:02:00,17.887,7.238,"Mountain","Yes","20260413","bubble","bath","zmax","7450-578036",0
"389",2026-04-13 11:07:00,17.887,7.225,"Mountain","Yes","20260413","bubble","bath","zmax","7450-578036",0
"390",2026-04-13 11:12:00,17.887,7.229,"Mountain","Yes","20260413","bubble","bath","zmax","7450-578036",0
"391",2026-04-13 11:17:00,17.878,7.233,"Mountain","Yes","20260413","bubble","bath","zmax","7450-578036",0
"392",2026-04-13 11:22:00,17.861,7.229,"Mountain","Yes","20260413","bubble","bath","zmax","7450-578036",0
"393",2026-04-13 11:27:00,17.853,7.236,"Mountain","Yes","20260413","bubble","bath","zmax","7450-578036",0
"394",2026-04-13 11:32:00,17.828,7.241,"Mountain","Yes","20260413","bubble","bath","zmax","7450-578036",0
"395",2026-04-13 11:37:00,17.828,7.245,"Mountain","Yes","20260413","bubble","bath","zmax","7450-578036",0
"396",2026-04-13 11:42:00,17.819,7.241,"Mountain","Yes","20260413","bubble","bath","zmax","7450-578036",0
"397",2026-04-13 11:47:00,17.811,7.241,"Mountain","Yes","20260413","bubble","bath","zmax","7450-578036",0
"398",2026-04-13 11:52:00,17.802,7.24,"Mountain","Yes","20260413","bubble","bath","zmax","7450-578036",0
"399",2026-04-13 11:57:00,17.794,7.24,"Mountain","Yes","20260413","bubble","bath","zmax","7450-578036",0
"400",2026-04-13 12:02:00,17.785,7.248,"Mountain","Yes","20260413","bubble","bath","zmax","7450-578036",0
"401",2026-04-13 12:07:00,17.794,7.241,"Mountain","Yes","20260413","bubble","bath","zmax","7450-578036",0
"402",2026-04-13 12:12:00,17.785,7.243,"Mountain","Yes","20260413","bubble","bath","zmax","7450-578036",0
"403",2026-04-13 12:17:00,17.769,7.242,"Mountain","Yes","20260413","bubble","bath","zmax","7450-578036",0
"404",2026-04-13 12:22:00,17.743,7.25,"Mountain","Yes","20260413","bubble","bath","zmax","7450-578036",0
"405",2026-04-13 12:27:00,17.752,7.244,"Mountain","Yes","20260413","bubble","bath","zmax","7450-578036",0
"406",2026-04-13 12:32:00,17.752,7.249,"Mountain","Yes","20260413","bubble","bath","zmax","7450-578036",0
"407",2026-04-13 12:37:00,17.752,7.242,"Mountain","Yes","20260413","bubble","bath","zmax","7450-578036",0
"408",2026-04-13 12:42:00,17.726,7.248,"Mountain","Yes","20260413","bubble","bath","zmax","7450-578036",0
"409",2026-04-13 12:47:00,17.726,7.252,"Mountain","Yes","20260413","bubble","bath","zmax","7450-578036",0
"410",2026-04-13 12:52:00,17.726,7.247,"Mountain","Yes","20260413","bubble","bath","zmax","7450-578036",0
"411",2026-04-13 12:57:00,17.709,7.255,"Mountain","Yes","20260413","bubble","bath","zmax","7450-578036",0
"412",2026-04-13 13:02:00,17.718,7.243,"Mountain","Yes","20260413","bubble","bath","zmax","7450-578036",0
"413",2026-04-13 13:07:00,17.718,7.245,"Mountain","Yes","20260413","bubble","bath","zmax","7450-578036",0
"414",2026-04-13 13:12:00,17.676,7.26,"Mountain","Yes","20260413","bubble","bath","zmax","7450-578036",0
"415",2026-04-13 13:17:00,17.693,7.257,"Mountain","Yes","20260413","bubble","bath","zmax","7450-578036",0
"416",2026-04-13 13:22:00,17.684,7.254,"Mountain","Yes","20260413","bubble","bath","zmax","7450-578036",0
"417",2026-04-13 13:27:00,17.684,7.254,"Mountain","Yes","20260413","bubble","bath","zmax","7450-578036",0
"418",2026-04-13 13:32:00,17.676,7.257,"Mountain","Yes","20260413","bubble","bath","zmax","7450-578036",0
"419",2026-04-13 13:37:00,17.684,7.247,"Mountain","Yes","20260413","bubble","bath","zmax","7450-578036",0
"420",2026-04-13 13:42:00,17.65,7.264,"Mountain","Yes","20260413","bubble","bath","zmax","7450-578036",0
"421",2026-04-13 13:47:00,17.659,7.252,"Mountain","Yes","20260413","bubble","bath","zmax","7450-578036",0
"422",2026-04-13 13:52:00,17.633,7.261,"Mountain","Yes","20260413","bubble","bath","zmax","7450-578036",0
"423",2026-04-13 13:57:00,17.625,7.261,"Mountain","Yes","20260413","bubble","bath","zmax","7450-578036",0
"424",2026-04-13 14:02:00,17.617,7.257,"Mountain","Yes","20260413","bubble","bath","zmax","7450-578036",0
"425",2026-04-13 14:07:00,17.642,7.255,"Mountain","Yes","20260413","bubble","bath","zmax","7450-578036",0
"426",2026-04-13 14:12:00,17.617,7.259,"Mountain","Yes","20260413","bubble","bath","zmax","7450-578036",0
"427",2026-04-13 14:17:00,17.6,7.262,"Mountain","Yes","20260413","bubble","bath","zmax","7450-578036",0
"428",2026-04-13 14:22:00,17.591,7.264,"Mountain","Yes","20260413","bubble","bath","zmax","7450-578036",0
"429",2026-04-13 14:27:00,17.591,7.263,"Mountain","Yes","20260413","bubble","bath","zmax","7450-578036",0
"430",2026-04-13 14:32:00,17.591,7.265,"Mountain","Yes","20260413","bubble","bath","zmax","7450-578036",0
"431",2026-04-13 14:37:00,17.583,7.268,"Mountain","Yes","20260413","bubble","bath","zmax","7450-578036",0
"432",2026-04-13 14:42:00,17.591,7.263,"Mountain","Yes","20260413","bubble","bath","zmax","7450-578036",0
"433",2026-04-13 14:47:00,17.557,7.27,"Mountain","Yes","20260413","bubble","bath","zmax","7450-578036",0
"434",2026-04-13 14:52:00,17.583,7.265,"Mountain","Yes","20260413","bubble","bath","zmax","7450-578036",0
"435",2026-04-13 14:57:00,17.591,7.259,"Mountain","Yes","20260413","bubble","bath","zmax","7450-578036",0
"436",2026-04-13 15:02:00,17.583,7.27,"Mountain","Yes","20260413","bubble","bath","zmax","7450-578036",0
"437",2026-04-13 15:07:00,17.574,7.262,"Mountain","Yes","20260413","bubble","bath","zmax","7450-578036",0
"438",2026-04-13 15:12:00,17.574,7.262,"Mountain","Yes","20260413","bubble","bath","zmax","7450-578036",0
"439",2026-04-13 15:17:00,17.566,7.262,"Mountain","Yes","20260413","bubble","bath","zmax","7450-578036",0
"440",2026-04-13 15:22:00,17.574,7.261,"Mountain","Yes","20260413","bubble","bath","zmax","7450-578036",0
"441",2026-04-13 15:27:00,17.574,7.268,"Mountain","Yes","20260413","bubble","bath","zmax","7450-578036",0
"442",2026-04-13 15:32:00,17.346,7.243,"Mountain","Yes","20260413","bubble","bath","zmax","7450-578036",0
"443",2026-04-13 15:37:00,17.253,7.35,"Mountain","Yes","20260413","bubble","bath","zmax","7450-578036",0
"444",2026-04-13 15:42:00,17.295,7.418,"Mountain","Yes","20260413","bubble","bath","zmax","7450-578036",0
"445",2026-04-13 08:29:00,20.99,7.25,"Mountain","Yes","20260413","bubble","bath","zmax","7392-097152",0
"446",2026-04-13 08:34:00,20.99,7.239,"Mountain","Yes","20260413","bubble","bath","zmax","7392-097152",0
"447",2026-04-13 08:39:00,20.931,7.26,"Mountain","Yes","20260413","bubble","bath","zmax","7392-097152",0
"448",2026-04-13 08:44:00,20.806,7.243,"Mountain","Yes","20260413","bubble","bath","zmax","7392-097152",0
"449",2026-04-13 08:49:00,21.299,7.189,"Mountain","Yes","20260413","bubble","bath","zmax","7392-097152",0
"450",2026-04-13 08:54:00,18.952,7.324,"Mountain","Yes","20260413","bubble","bath","zmax","7392-097152",0
"451",2026-04-13 08:59:00,18.456,7.428,"Mountain","Yes","20260413","bubble","bath","zmax","7392-097152",0
"452",2026-04-13 09:04:00,18.304,7.456,"Mountain","Yes","20260413","bubble","bath","zmax","7392-097152",0
"453",2026-04-13 09:09:00,18.228,7.455,"Mountain","Yes","20260413","bubble","bath","zmax","7392-097152",0
"454",2026-04-13 09:14:00,18.194,7.464,"Mountain","Yes","20260413","bubble","bath","zmax","7392-097152",0
"455",2026-04-13 09:19:00,18.169,7.444,"Mountain","Yes","20260413","bubble","bath","zmax","7392-097152",0
"456",2026-04-13 09:24:00,18.144,7.439,"Mountain","Yes","20260413","bubble","bath","zmax","7392-097152",0
"457",2026-04-13 09:29:00,18.11,7.448,"Mountain","Yes","20260413","bubble","bath","zmax","7392-097152",0
"458",2026-04-13 09:34:00,18.102,7.451,"Mountain","Yes","20260413","bubble","bath","zmax","7392-097152",0
"459",2026-04-13 09:39:00,18.085,7.452,"Mountain","Yes","20260413","bubble","bath","zmax","7392-097152",0
"460",2026-04-13 09:44:00,18.093,7.432,"Mountain","Yes","20260413","bubble","bath","zmax","7392-097152",0
"461",2026-04-13 09:49:00,18.076,7.431,"Mountain","Yes","20260413","bubble","bath","zmax","7392-097152",0
"462",2026-04-13 09:54:00,18.076,7.434,"Mountain","Yes","20260413","bubble","bath","zmax","7392-097152",0
"463",2026-04-13 09:59:00,18.043,7.427,"Mountain","Yes","20260413","bubble","bath","zmax","7392-097152",0
"464",2026-04-13 10:04:00,18.043,7.454,"Mountain","Yes","20260413","bubble","bath","zmax","7392-097152",0
"465",2026-04-13 10:09:00,18,7.434,"Mountain","Yes","20260413","bubble","bath","zmax","7392-097152",0
"466",2026-04-13 10:14:00,18.009,7.433,"Mountain","Yes","20260413","bubble","bath","zmax","7392-097152",0
"467",2026-04-13 10:19:00,18,7.436,"Mountain","Yes","20260413","bubble","bath","zmax","7392-097152",0
"468",2026-04-13 10:24:00,17.983,7.445,"Mountain","Yes","20260413","bubble","bath","zmax","7392-097152",0
"469",2026-04-13 10:29:00,17.992,7.431,"Mountain","Yes","20260413","bubble","bath","zmax","7392-097152",0
"470",2026-04-13 10:34:00,17.975,7.444,"Mountain","Yes","20260413","bubble","bath","zmax","7392-097152",0
"471",2026-04-13 10:39:00,17.975,7.447,"Mountain","Yes","20260413","bubble","bath","zmax","7392-097152",0
"472",2026-04-13 10:44:00,17.941,7.443,"Mountain","Yes","20260413","bubble","bath","zmax","7392-097152",0
"473",2026-04-13 10:49:00,17.958,7.438,"Mountain","Yes","20260413","bubble","bath","zmax","7392-097152",0
"474",2026-04-13 10:54:00,17.933,7.431,"Mountain","Yes","20260413","bubble","bath","zmax","7392-097152",0
"475",2026-04-13 10:59:00,17.933,7.436,"Mountain","Yes","20260413","bubble","bath","zmax","7392-097152",0
"476",2026-04-13 11:04:00,17.933,7.437,"Mountain","Yes","20260413","bubble","bath","zmax","7392-097152",0
"477",2026-04-13 11:09:00,17.899,7.442,"Mountain","Yes","20260413","bubble","bath","zmax","7392-097152",0
"478",2026-04-13 11:14:00,17.891,7.441,"Mountain","Yes","20260413","bubble","bath","zmax","7392-097152",0
"479",2026-04-13 11:19:00,17.891,7.436,"Mountain","Yes","20260413","bubble","bath","zmax","7392-097152",0
"480",2026-04-13 11:24:00,17.857,7.447,"Mountain","Yes","20260413","bubble","bath","zmax","7392-097152",0
"481",2026-04-13 11:29:00,17.84,7.443,"Mountain","Yes","20260413","bubble","bath","zmax","7392-097152",0
"482",2026-04-13 11:34:00,17.831,7.447,"Mountain","Yes","20260413","bubble","bath","zmax","7392-097152",0
"483",2026-04-13 11:39:00,17.806,7.454,"Mountain","Yes","20260413","bubble","bath","zmax","7392-097152",0
"484",2026-04-13 11:44:00,17.814,7.476,"Mountain","Yes","20260413","bubble","bath","zmax","7392-097152",0
"485",2026-04-13 11:49:00,17.806,7.44,"Mountain","Yes","20260413","bubble","bath","zmax","7392-097152",0
"486",2026-04-13 11:54:00,17.789,7.442,"Mountain","Yes","20260413","bubble","bath","zmax","7392-097152",0
"487",2026-04-13 11:59:00,17.789,7.455,"Mountain","Yes","20260413","bubble","bath","zmax","7392-097152",0
"488",2026-04-13 12:04:00,17.764,7.459,"Mountain","Yes","20260413","bubble","bath","zmax","7392-097152",0
"489",2026-04-13 12:09:00,17.738,7.455,"Mountain","Yes","20260413","bubble","bath","zmax","7392-097152",0
"490",2026-04-13 12:14:00,17.755,7.462,"Mountain","Yes","20260413","bubble","bath","zmax","7392-097152",0
"491",2026-04-13 12:19:00,17.755,7.43,"Mountain","Yes","20260413","bubble","bath","zmax","7392-097152",0
"492",2026-04-13 12:24:00,17.747,7.456,"Mountain","Yes","20260413","bubble","bath","zmax","7392-097152",0
"493",2026-04-13 12:29:00,17.738,7.453,"Mountain","Yes","20260413","bubble","bath","zmax","7392-097152",0
"494",2026-04-13 12:34:00,17.747,7.458,"Mountain","Yes","20260413","bubble","bath","zmax","7392-097152",0
"495",2026-04-13 12:39:00,17.738,7.458,"Mountain","Yes","20260413","bubble","bath","zmax","7392-097152",0
"496",2026-04-13 12:44:00,17.721,7.454,"Mountain","Yes","20260413","bubble","bath","zmax","7392-097152",0
"497",2026-04-13 12:49:00,17.713,7.445,"Mountain","Yes","20260413","bubble","bath","zmax","7392-097152",0
"498",2026-04-13 12:54:00,17.721,7.465,"Mountain","Yes","20260413","bubble","bath","zmax","7392-097152",0
"499",2026-04-13 12:59:00,17.713,7.457,"Mountain","Yes","20260413","bubble","bath","zmax","7392-097152",0
"500",2026-04-13 13:04:00,17.705,7.45,"Mountain","Yes","20260413","bubble","bath","zmax","7392-097152",0
"501",2026-04-13 13:09:00,17.679,7.47,"Mountain","Yes","20260413","bubble","bath","zmax","7392-097152",0
"502",2026-04-13 13:14:00,17.696,7.472,"Mountain","Yes","20260413","bubble","bath","zmax","7392-097152",0
"503",2026-04-13 13:19:00,17.679,7.453,"Mountain","Yes","20260413","bubble","bath","zmax","7392-097152",0
"504",2026-04-13 13:24:00,17.654,7.473,"Mountain","Yes","20260413","bubble","bath","zmax","7392-097152",0
"505",2026-04-13 13:29:00,17.696,7.443,"Mountain","Yes","20260413","bubble","bath","zmax","7392-097152",0
"506",2026-04-13 13:34:00,17.679,7.449,"Mountain","Yes","20260413","bubble","bath","zmax","7392-097152",0
"507",2026-04-13 13:39:00,17.679,7.447,"Mountain","Yes","20260413","bubble","bath","zmax","7392-097152",0
"508",2026-04-13 13:44:00,17.654,7.481,"Mountain","Yes","20260413","bubble","bath","zmax","7392-097152",0
"509",2026-04-13 13:49:00,17.637,7.464,"Mountain","Yes","20260413","bubble","bath","zmax","7392-097152",0
"510",2026-04-13 13:54:00,17.637,7.454,"Mountain","Yes","20260413","bubble","bath","zmax","7392-097152",0
"511",2026-04-13 13:59:00,17.62,7.476,"Mountain","Yes","20260413","bubble","bath","zmax","7392-097152",0
"512",2026-04-13 14:04:00,17.612,7.464,"Mountain","Yes","20260413","bubble","bath","zmax","7392-097152",0
"513",2026-04-13 14:09:00,17.612,7.471,"Mountain","Yes","20260413","bubble","bath","zmax","7392-097152",0
"514",2026-04-13 14:14:00,17.603,7.48,"Mountain","Yes","20260413","bubble","bath","zmax","7392-097152",0
"515",2026-04-13 14:19:00,17.595,7.468,"Mountain","Yes","20260413","bubble","bath","zmax","7392-097152",0
"516",2026-04-13 14:24:00,17.603,7.469,"Mountain","Yes","20260413","bubble","bath","zmax","7392-097152",0
"517",2026-04-13 14:29:00,17.595,7.475,"Mountain","Yes","20260413","bubble","bath","zmax","7392-097152",0
"518",2026-04-13 14:34:00,17.595,7.466,"Mountain","Yes","20260413","bubble","bath","zmax","7392-097152",0
"519",2026-04-13 14:39:00,17.586,7.462,"Mountain","Yes","20260413","bubble","bath","zmax","7392-097152",0
"520",2026-04-13 14:44:00,17.586,7.463,"Mountain","Yes","20260413","bubble","bath","zmax","7392-097152",0
"521",2026-04-13 14:49:00,17.595,7.459,"Mountain","Yes","20260413","bubble","bath","zmax","7392-097152",0
"522",2026-04-13 14:54:00,17.552,7.482,"Mountain","Yes","20260413","bubble","bath","zmax","7392-097152",0
"523",2026-04-13 14:59:00,17.586,7.452,"Mountain","Yes","20260413","bubble","bath","zmax","7392-097152",0
"524",2026-04-13 15:04:00,17.578,7.484,"Mountain","Yes","20260413","bubble","bath","zmax","7392-097152",0
"525",2026-04-13 15:09:00,17.578,7.475,"Mountain","Yes","20260413","bubble","bath","zmax","7392-097152",0
"526",2026-04-13 15:14:00,17.578,7.473,"Mountain","Yes","20260413","bubble","bath","zmax","7392-097152",0
"527",2026-04-13 15:19:00,17.586,7.467,"Mountain","Yes","20260413","bubble","bath","zmax","7392-097152",0
"528",2026-04-13 15:24:00,17.552,7.474,"Mountain","Yes","20260413","bubble","bath","zmax","7392-097152",0
"529",2026-04-13 15:29:00,17.569,7.32,"Mountain","Yes","20260413","bubble","bath","zmax","7392-097152",0
"530",2026-04-13 15:34:00,17.349,7.501,"Mountain","Yes","20260413","bubble","bath","zmax","7392-097152",0
"531",2026-04-13 15:39:00,17.417,7.475,"Mountain","Yes","20260413","bubble","bath","zmax","7392-097152",0
"532",2026-04-13 15:44:00,17.527,7.51,"Mountain","Yes","20260413","bubble","bath","zmax","7392-097152",0
"533",2026-04-13 15:49:00,17.645,7.569,"Mountain","Yes","20260413","bubble","bath","zmax","7392-097152",0
"534",2026-04-13 15:54:00,17.84,7.573,"Mountain","Yes","20260413","bubble","bath","zmax","7392-097152",0
"535",2026-04-13 15:59:00,18.043,7.51,"Mountain","Yes","20260413","bubble","bath","zmax","7392-097152",0
"536",2026-04-13 16:04:00,18.262,7.533,"Mountain","Yes","20260413","bubble","bath","zmax","7392-097152",0
"537",2026-04-13 08:31:00,21.11,7.179,"Mountain","Yes","20260413","bubble","bath","zmax","7450-574666",0
"538",2026-04-13 08:36:00,21.118,7.178,"Mountain","Yes","20260413","bubble","bath","zmax","7450-574666",0
"539",2026-04-13 08:41:00,21.018,7.191,"Mountain","Yes","20260413","bubble","bath","zmax","7450-574666",0
"540",2026-04-13 08:46:00,20.976,7.189,"Mountain","Yes","20260413","bubble","bath","zmax","7450-574666",0
"541",2026-04-13 08:51:00,20.206,7.029,"Mountain","Yes","20260413","bubble","bath","zmax","7450-574666",0
"542",2026-04-13 08:56:00,18.596,7.353,"Mountain","Yes","20260413","bubble","bath","zmax","7450-574666",0
"543",2026-04-13 09:01:00,18.327,7.404,"Mountain","Yes","20260413","bubble","bath","zmax","7450-574666",0
"544",2026-04-13 09:06:00,18.276,7.409,"Mountain","Yes","20260413","bubble","bath","zmax","7450-574666",0
"545",2026-04-13 09:11:00,18.251,7.404,"Mountain","Yes","20260413","bubble","bath","zmax","7450-574666",0
"546",2026-04-13 09:16:00,18.209,7.395,"Mountain","Yes","20260413","bubble","bath","zmax","7450-574666",0
"547",2026-04-13 09:21:00,18.167,7.395,"Mountain","Yes","20260413","bubble","bath","zmax","7450-574666",0
"548",2026-04-13 09:26:00,18.158,7.396,"Mountain","Yes","20260413","bubble","bath","zmax","7450-574666",0
"549",2026-04-13 09:31:00,18.142,7.381,"Mountain","Yes","20260413","bubble","bath","zmax","7450-574666",0
"550",2026-04-13 09:36:00,18.116,7.384,"Mountain","Yes","20260413","bubble","bath","zmax","7450-574666",0
"551",2026-04-13 09:41:00,18.099,7.394,"Mountain","Yes","20260413","bubble","bath","zmax","7450-574666",0
"552",2026-04-13 09:46:00,18.083,7.381,"Mountain","Yes","20260413","bubble","bath","zmax","7450-574666",0
"553",2026-04-13 09:51:00,18.074,7.388,"Mountain","Yes","20260413","bubble","bath","zmax","7450-574666",0
"554",2026-04-13 09:56:00,18.074,7.384,"Mountain","Yes","20260413","bubble","bath","zmax","7450-574666",0
"555",2026-04-13 10:01:00,18.057,7.373,"Mountain","Yes","20260413","bubble","bath","zmax","7450-574666",0
"556",2026-04-13 10:06:00,18.049,7.375,"Mountain","Yes","20260413","bubble","bath","zmax","7450-574666",0
"557",2026-04-13 10:11:00,18.04,7.379,"Mountain","Yes","20260413","bubble","bath","zmax","7450-574666",0
"558",2026-04-13 10:16:00,18.015,7.39,"Mountain","Yes","20260413","bubble","bath","zmax","7450-574666",0
"559",2026-04-13 10:21:00,17.998,7.39,"Mountain","Yes","20260413","bubble","bath","zmax","7450-574666",0
"560",2026-04-13 10:26:00,17.998,7.382,"Mountain","Yes","20260413","bubble","bath","zmax","7450-574666",0
"561",2026-04-13 10:31:00,17.998,7.388,"Mountain","Yes","20260413","bubble","bath","zmax","7450-574666",0
"562",2026-04-13 10:36:00,17.981,7.39,"Mountain","Yes","20260413","bubble","bath","zmax","7450-574666",0
"563",2026-04-13 10:41:00,17.965,7.39,"Mountain","Yes","20260413","bubble","bath","zmax","7450-574666",0
"564",2026-04-13 10:46:00,17.965,7.391,"Mountain","Yes","20260413","bubble","bath","zmax","7450-574666",0
"565",2026-04-13 10:51:00,17.956,7.39,"Mountain","Yes","20260413","bubble","bath","zmax","7450-574666",0
"566",2026-04-13 10:56:00,17.939,7.389,"Mountain","Yes","20260413","bubble","bath","zmax","7450-574666",0
"567",2026-04-13 11:01:00,17.914,7.397,"Mountain","Yes","20260413","bubble","bath","zmax","7450-574666",0
"568",2026-04-13 11:06:00,17.914,7.394,"Mountain","Yes","20260413","bubble","bath","zmax","7450-574666",0
"569",2026-04-13 11:11:00,17.897,7.384,"Mountain","Yes","20260413","bubble","bath","zmax","7450-574666",0
"570",2026-04-13 11:16:00,17.889,7.392,"Mountain","Yes","20260413","bubble","bath","zmax","7450-574666",0
"571",2026-04-13 11:21:00,17.872,7.4,"Mountain","Yes","20260413","bubble","bath","zmax","7450-574666",0
"572",2026-04-13 11:26:00,17.863,7.4,"Mountain","Yes","20260413","bubble","bath","zmax","7450-574666",0
"573",2026-04-13 11:31:00,17.855,7.396,"Mountain","Yes","20260413","bubble","bath","zmax","7450-574666",0
"574",2026-04-13 11:36:00,17.83,7.407,"Mountain","Yes","20260413","bubble","bath","zmax","7450-574666",0
"575",2026-04-13 11:41:00,17.838,7.401,"Mountain","Yes","20260413","bubble","bath","zmax","7450-574666",0
"576",2026-04-13 11:46:00,17.813,7.409,"Mountain","Yes","20260413","bubble","bath","zmax","7450-574666",0
"577",2026-04-13 11:51:00,17.804,7.405,"Mountain","Yes","20260413","bubble","bath","zmax","7450-574666",0
"578",2026-04-13 11:56:00,17.787,7.414,"Mountain","Yes","20260413","bubble","bath","zmax","7450-574666",0
"579",2026-04-13 12:01:00,17.787,7.402,"Mountain","Yes","20260413","bubble","bath","zmax","7450-574666",0
"580",2026-04-13 12:06:00,17.779,7.406,"Mountain","Yes","20260413","bubble","bath","zmax","7450-574666",0
"581",2026-04-13 12:11:00,17.787,7.409,"Mountain","Yes","20260413","bubble","bath","zmax","7450-574666",0
"582",2026-04-13 12:16:00,17.779,7.405,"Mountain","Yes","20260413","bubble","bath","zmax","7450-574666",0
"583",2026-04-13 12:21:00,17.762,7.408,"Mountain","Yes","20260413","bubble","bath","zmax","7450-574666",0
"584",2026-04-13 12:26:00,17.762,7.408,"Mountain","Yes","20260413","bubble","bath","zmax","7450-574666",0
"585",2026-04-13 12:31:00,17.754,7.418,"Mountain","Yes","20260413","bubble","bath","zmax","7450-574666",0
"586",2026-04-13 12:36:00,17.728,7.413,"Mountain","Yes","20260413","bubble","bath","zmax","7450-574666",0
"587",2026-04-13 12:41:00,17.737,7.411,"Mountain","Yes","20260413","bubble","bath","zmax","7450-574666",0
"588",2026-04-13 12:46:00,17.737,7.412,"Mountain","Yes","20260413","bubble","bath","zmax","7450-574666",0
"589",2026-04-13 12:51:00,17.728,7.407,"Mountain","Yes","20260413","bubble","bath","zmax","7450-574666",0
"590",2026-04-13 12:56:00,17.712,7.417,"Mountain","Yes","20260413","bubble","bath","zmax","7450-574666",0
"591",2026-04-13 13:01:00,17.72,7.411,"Mountain","Yes","20260413","bubble","bath","zmax","7450-574666",0
"592",2026-04-13 13:06:00,17.72,7.417,"Mountain","Yes","20260413","bubble","bath","zmax","7450-574666",0
"593",2026-04-13 13:11:00,17.703,7.418,"Mountain","Yes","20260413","bubble","bath","zmax","7450-574666",0
"594",2026-04-13 13:16:00,17.695,7.416,"Mountain","Yes","20260413","bubble","bath","zmax","7450-574666",0
"595",2026-04-13 13:21:00,17.703,7.415,"Mountain","Yes","20260413","bubble","bath","zmax","7450-574666",0
"596",2026-04-13 13:26:00,17.686,7.413,"Mountain","Yes","20260413","bubble","bath","zmax","7450-574666",0
"597",2026-04-13 13:31:00,17.678,7.413,"Mountain","Yes","20260413","bubble","bath","zmax","7450-574666",0
"598",2026-04-13 13:36:00,17.686,7.425,"Mountain","Yes","20260413","bubble","bath","zmax","7450-574666",0
"599",2026-04-13 13:41:00,17.661,7.414,"Mountain","Yes","20260413","bubble","bath","zmax","7450-574666",0
"600",2026-04-13 13:46:00,17.661,7.431,"Mountain","Yes","20260413","bubble","bath","zmax","7450-574666",0
"601",2026-04-13 13:51:00,17.652,7.417,"Mountain","Yes","20260413","bubble","bath","zmax","7450-574666",0
"602",2026-04-13 13:56:00,17.644,7.421,"Mountain","Yes","20260413","bubble","bath","zmax","7450-574666",0
"603",2026-04-13 14:01:00,17.619,7.426,"Mountain","Yes","20260413","bubble","bath","zmax","7450-574666",0
"604",2026-04-13 14:06:00,17.627,7.42,"Mountain","Yes","20260413","bubble","bath","zmax","7450-574666",0
"605",2026-04-13 14:11:00,17.61,7.421,"Mountain","Yes","20260413","bubble","bath","zmax","7450-574666",0
"606",2026-04-13 14:16:00,17.602,7.425,"Mountain","Yes","20260413","bubble","bath","zmax","7450-574666",0
"607",2026-04-13 14:21:00,17.619,7.426,"Mountain","Yes","20260413","bubble","bath","zmax","7450-574666",0
"608",2026-04-13 14:26:00,17.627,7.419,"Mountain","Yes","20260413","bubble","bath","zmax","7450-574666",0
"609",2026-04-13 14:31:00,17.61,7.419,"Mountain","Yes","20260413","bubble","bath","zmax","7450-574666",0
"610",2026-04-13 14:36:00,17.585,7.419,"Mountain","Yes","20260413","bubble","bath","zmax","7450-574666",0
"611",2026-04-13 14:41:00,17.61,7.425,"Mountain","Yes","20260413","bubble","bath","zmax","7450-574666",0
"612",2026-04-13 14:46:00,17.585,7.427,"Mountain","Yes","20260413","bubble","bath","zmax","7450-574666",0
"613",2026-04-13 14:51:00,17.593,7.424,"Mountain","Yes","20260413","bubble","bath","zmax","7450-574666",0
"614",2026-04-13 14:56:00,17.593,7.417,"Mountain","Yes","20260413","bubble","bath","zmax","7450-574666",0
"615",2026-04-13 15:01:00,17.576,7.442,"Mountain","Yes","20260413","bubble","bath","zmax","7450-574666",0
"616",2026-04-13 15:06:00,17.585,7.42,"Mountain","Yes","20260413","bubble","bath","zmax","7450-574666",0
"617",2026-04-13 15:11:00,17.568,7.428,"Mountain","Yes","20260413","bubble","bath","zmax","7450-574666",0
"618",2026-04-13 15:16:00,17.585,7.431,"Mountain","Yes","20260413","bubble","bath","zmax","7450-574666",0
"619",2026-04-13 15:21:00,17.593,7.42,"Mountain","Yes","20260413","bubble","bath","zmax","7450-574666",0
"620",2026-04-13 15:26:00,17.576,7.427,"Mountain","Yes","20260413","bubble","bath","zmax","7450-574666",0
"621",2026-04-13 15:31:00,17.568,7.428,"Mountain","Yes","20260413","bubble","bath","zmax","7450-574666",0
"622",2026-04-13 15:36:00,17.162,7.468,"Mountain","Yes","20260413","bubble","bath","zmax","7450-574666",0
"623",2026-04-13 08:31:00,21.132,6.812,"Mountain","Yes","20260413","bubble","bath","zmax","7450-918273",0
"624",2026-04-13 08:36:00,21.132,6.813,"Mountain","Yes","20260413","bubble","bath","zmax","7450-918273",0
"625",2026-04-13 08:41:00,21.065,6.831,"Mountain","Yes","20260413","bubble","bath","zmax","7450-918273",0
"626",2026-04-13 08:46:00,21.065,6.826,"Mountain","Yes","20260413","bubble","bath","zmax","7450-918273",0
"627",2026-04-13 08:51:00,20.588,6.586,"Mountain","Yes","20260413","bubble","bath","zmax","7450-918273",0
"628",2026-04-13 08:56:00,18.584,6.995,"Mountain","Yes","20260413","bubble","bath","zmax","7450-918273",0
"629",2026-04-13 09:01:00,18.332,7.035,"Mountain","Yes","20260413","bubble","bath","zmax","7450-918273",0
"630",2026-04-13 09:06:00,18.231,7.049,"Mountain","Yes","20260413","bubble","bath","zmax","7450-918273",0
"631",2026-04-13 09:11:00,18.189,7.05,"Mountain","Yes","20260413","bubble","bath","zmax","7450-918273",0
"632",2026-04-13 09:16:00,18.164,7.048,"Mountain","Yes","20260413","bubble","bath","zmax","7450-918273",0
"633",2026-04-13 09:21:00,18.138,7.042,"Mountain","Yes","20260413","bubble","bath","zmax","7450-918273",0
"634",2026-04-13 09:26:00,18.138,7.037,"Mountain","Yes","20260413","bubble","bath","zmax","7450-918273",0
"635",2026-04-13 09:31:00,18.113,7.031,"Mountain","Yes","20260413","bubble","bath","zmax","7450-918273",0
"636",2026-04-13 09:36:00,18.096,7.028,"Mountain","Yes","20260413","bubble","bath","zmax","7450-918273",0
"637",2026-04-13 09:41:00,18.071,7.029,"Mountain","Yes","20260413","bubble","bath","zmax","7450-918273",0
"638",2026-04-13 09:46:00,18.079,7.019,"Mountain","Yes","20260413","bubble","bath","zmax","7450-918273",0
"639",2026-04-13 09:51:00,18.054,7.032,"Mountain","Yes","20260413","bubble","bath","zmax","7450-918273",0
"640",2026-04-13 09:56:00,18.037,7.024,"Mountain","Yes","20260413","bubble","bath","zmax","7450-918273",0
"641",2026-04-13 10:01:00,18.037,7.023,"Mountain","Yes","20260413","bubble","bath","zmax","7450-918273",0
"642",2026-04-13 10:06:00,18.029,7.025,"Mountain","Yes","20260413","bubble","bath","zmax","7450-918273",0
"643",2026-04-13 10:11:00,17.995,7.028,"Mountain","Yes","20260413","bubble","bath","zmax","7450-918273",0
"644",2026-04-13 10:16:00,17.995,7.035,"Mountain","Yes","20260413","bubble","bath","zmax","7450-918273",0
"645",2026-04-13 10:21:00,17.978,7.024,"Mountain","Yes","20260413","bubble","bath","zmax","7450-918273",0
"646",2026-04-13 10:26:00,17.97,7.035,"Mountain","Yes","20260413","bubble","bath","zmax","7450-918273",0
"647",2026-04-13 10:31:00,17.97,7.031,"Mountain","Yes","20260413","bubble","bath","zmax","7450-918273",0
"648",2026-04-13 10:36:00,17.944,7.033,"Mountain","Yes","20260413","bubble","bath","zmax","7450-918273",0
"649",2026-04-13 10:41:00,17.936,7.03,"Mountain","Yes","20260413","bubble","bath","zmax","7450-918273",0
"650",2026-04-13 10:46:00,17.953,7.031,"Mountain","Yes","20260413","bubble","bath","zmax","7450-918273",0
"651",2026-04-13 10:51:00,17.936,7.027,"Mountain","Yes","20260413","bubble","bath","zmax","7450-918273",0
"652",2026-04-13 10:56:00,17.919,7.04,"Mountain","Yes","20260413","bubble","bath","zmax","7450-918273",0
"653",2026-04-13 11:01:00,17.911,7.025,"Mountain","Yes","20260413","bubble","bath","zmax","7450-918273",0
"654",2026-04-13 11:06:00,17.894,7.034,"Mountain","Yes","20260413","bubble","bath","zmax","7450-918273",0
"655",2026-04-13 11:11:00,17.885,7.034,"Mountain","Yes","20260413","bubble","bath","zmax","7450-918273",0
"656",2026-04-13 11:16:00,17.869,7.036,"Mountain","Yes","20260413","bubble","bath","zmax","7450-918273",0
"657",2026-04-13 11:21:00,17.843,7.042,"Mountain","Yes","20260413","bubble","bath","zmax","7450-918273",0
"658",2026-04-13 11:26:00,17.826,7.052,"Mountain","Yes","20260413","bubble","bath","zmax","7450-918273",0
"659",2026-04-13 11:31:00,17.843,7.034,"Mountain","Yes","20260413","bubble","bath","zmax","7450-918273",0
"660",2026-04-13 11:36:00,17.81,7.046,"Mountain","Yes","20260413","bubble","bath","zmax","7450-918273",0
"661",2026-04-13 11:41:00,17.801,7.045,"Mountain","Yes","20260413","bubble","bath","zmax","7450-918273",0
"662",2026-04-13 11:46:00,17.784,7.047,"Mountain","Yes","20260413","bubble","bath","zmax","7450-918273",0
"663",2026-04-13 11:51:00,17.793,7.047,"Mountain","Yes","20260413","bubble","bath","zmax","7450-918273",0
"664",2026-04-13 11:56:00,17.767,7.052,"Mountain","Yes","20260413","bubble","bath","zmax","7450-918273",0
"665",2026-04-13 12:01:00,17.767,7.05,"Mountain","Yes","20260413","bubble","bath","zmax","7450-918273",0
"666",2026-04-13 12:06:00,17.75,7.056,"Mountain","Yes","20260413","bubble","bath","zmax","7450-918273",0
"667",2026-04-13 12:11:00,17.759,7.053,"Mountain","Yes","20260413","bubble","bath","zmax","7450-918273",0
"668",2026-04-13 12:16:00,17.759,7.052,"Mountain","Yes","20260413","bubble","bath","zmax","7450-918273",0
"669",2026-04-13 12:21:00,17.742,7.059,"Mountain","Yes","20260413","bubble","bath","zmax","7450-918273",0
"670",2026-04-13 12:26:00,17.725,7.057,"Mountain","Yes","20260413","bubble","bath","zmax","7450-918273",0
"671",2026-04-13 12:31:00,17.734,7.058,"Mountain","Yes","20260413","bubble","bath","zmax","7450-918273",0
"672",2026-04-13 12:36:00,17.717,7.055,"Mountain","Yes","20260413","bubble","bath","zmax","7450-918273",0
"673",2026-04-13 12:41:00,17.742,7.052,"Mountain","Yes","20260413","bubble","bath","zmax","7450-918273",0
"674",2026-04-13 12:46:00,17.7,7.053,"Mountain","Yes","20260413","bubble","bath","zmax","7450-918273",0
"675",2026-04-13 12:51:00,17.708,7.058,"Mountain","Yes","20260413","bubble","bath","zmax","7450-918273",0
"676",2026-04-13 12:56:00,17.7,7.049,"Mountain","Yes","20260413","bubble","bath","zmax","7450-918273",0
"677",2026-04-13 13:01:00,17.691,7.06,"Mountain","Yes","20260413","bubble","bath","zmax","7450-918273",0
"678",2026-04-13 13:06:00,17.7,7.061,"Mountain","Yes","20260413","bubble","bath","zmax","7450-918273",0
"679",2026-04-13 13:11:00,17.691,7.054,"Mountain","Yes","20260413","bubble","bath","zmax","7450-918273",0
"680",2026-04-13 13:16:00,17.666,7.062,"Mountain","Yes","20260413","bubble","bath","zmax","7450-918273",0
"681",2026-04-13 13:21:00,17.683,7.056,"Mountain","Yes","20260413","bubble","bath","zmax","7450-918273",0
"682",2026-04-13 13:26:00,17.691,7.062,"Mountain","Yes","20260413","bubble","bath","zmax","7450-918273",0
"683",2026-04-13 13:31:00,17.666,7.054,"Mountain","Yes","20260413","bubble","bath","zmax","7450-918273",0
"684",2026-04-13 13:36:00,17.674,7.057,"Mountain","Yes","20260413","bubble","bath","zmax","7450-918273",0
"685",2026-04-13 13:41:00,17.658,7.056,"Mountain","Yes","20260413","bubble","bath","zmax","7450-918273",0
"686",2026-04-13 13:46:00,17.632,7.068,"Mountain","Yes","20260413","bubble","bath","zmax","7450-918273",0
"687",2026-04-13 13:51:00,17.641,7.057,"Mountain","Yes","20260413","bubble","bath","zmax","7450-918273",0
"688",2026-04-13 13:56:00,17.632,7.063,"Mountain","Yes","20260413","bubble","bath","zmax","7450-918273",0
"689",2026-04-13 14:01:00,17.615,7.062,"Mountain","Yes","20260413","bubble","bath","zmax","7450-918273",0
"690",2026-04-13 14:06:00,17.607,7.061,"Mountain","Yes","20260413","bubble","bath","zmax","7450-918273",0
"691",2026-04-13 14:11:00,17.598,7.064,"Mountain","Yes","20260413","bubble","bath","zmax","7450-918273",0
"692",2026-04-13 14:16:00,17.565,7.073,"Mountain","Yes","20260413","bubble","bath","zmax","7450-918273",0
"693",2026-04-13 14:21:00,17.582,7.069,"Mountain","Yes","20260413","bubble","bath","zmax","7450-918273",0
"694",2026-04-13 14:26:00,17.582,7.068,"Mountain","Yes","20260413","bubble","bath","zmax","7450-918273",0
"695",2026-04-13 14:31:00,17.565,7.076,"Mountain","Yes","20260413","bubble","bath","zmax","7450-918273",0
"696",2026-04-13 14:36:00,17.565,7.073,"Mountain","Yes","20260413","bubble","bath","zmax","7450-918273",0
"697",2026-04-13 14:41:00,17.573,7.071,"Mountain","Yes","20260413","bubble","bath","zmax","7450-918273",0
"698",2026-04-13 14:46:00,17.573,7.067,"Mountain","Yes","20260413","bubble","bath","zmax","7450-918273",0
"699",2026-04-13 14:51:00,17.565,7.067,"Mountain","Yes","20260413","bubble","bath","zmax","7450-918273",0
"700",2026-04-13 14:56:00,17.573,7.066,"Mountain","Yes","20260413","bubble","bath","zmax","7450-918273",0
"701",2026-04-13 15:01:00,17.548,7.073,"Mountain","Yes","20260413","bubble","bath","zmax","7450-918273",0
"702",2026-04-13 15:06:00,17.565,7.066,"Mountain","Yes","20260413","bubble","bath","zmax","7450-918273",0
"703",2026-04-13 15:11:00,17.565,7.07,"Mountain","Yes","20260413","bubble","bath","zmax","7450-918273",0
"704",2026-04-13 15:16:00,17.556,7.072,"Mountain","Yes","20260413","bubble","bath","zmax","7450-918273",0
"705",2026-04-13 15:21:00,17.539,7.076,"Mountain","Yes","20260413","bubble","bath","zmax","7450-918273",0
"706",2026-04-13 15:26:00,17.556,7.073,"Mountain","Yes","20260413","bubble","bath","zmax","7450-918273",0
"707",2026-04-13 15:31:00,17.328,7.017,"Mountain","Yes","20260413","bubble","bath","zmax","7450-918273",0
"708",2026-04-13 15:36:00,17.303,7.075,"Mountain","Yes","20260413","bubble","bath","zmax","7450-918273",0
"709",2026-04-13 15:41:00,17.387,7.101,"Mountain","Yes","20260413","bubble","bath","zmax","7450-918273",0
"710",2026-04-13 15:46:00,17.472,7.133,"Mountain","Yes","20260413","bubble","bath","zmax","7450-918273",0
"711",2026-04-13 15:51:00,17.624,7.109,"Mountain","Yes","20260413","bubble","bath","zmax","7450-918273",0
"712",2026-04-13 15:56:00,17.826,7.085,"Mountain","Yes","20260413","bubble","bath","zmax","7450-918273",0
"713",2026-04-13 16:01:00,18.046,7.07,"Mountain","Yes","20260413","bubble","bath","zmax","7450-918273",0
"714",2026-04-13 08:32:00,20.893,7.307,"Mountain","Yes","20260413","bubble","bath","zmax","7450-786334",0
"715",2026-04-13 08:37:00,20.968,7.301,"Mountain","Yes","20260413","bubble","bath","zmax","7450-786334",0
"716",2026-04-13 08:42:00,21.578,7.191,"Mountain","Yes","20260413","bubble","bath","zmax","7450-786334",0
"717",2026-04-13 08:47:00,21.686,7.197,"Mountain","Yes","20260413","bubble","bath","zmax","7450-786334",0
"718",2026-04-13 08:52:00,19.571,7.285,"Mountain","Yes","20260413","bubble","bath","zmax","7450-786334",0
"719",2026-04-13 08:57:00,18.538,7.472,"Mountain","Yes","20260413","bubble","bath","zmax","7450-786334",0
"720",2026-04-13 09:02:00,18.328,7.513,"Mountain","Yes","20260413","bubble","bath","zmax","7450-786334",0
"721",2026-04-13 09:07:00,18.269,7.506,"Mountain","Yes","20260413","bubble","bath","zmax","7450-786334",0
"722",2026-04-13 09:12:00,18.227,7.507,"Mountain","Yes","20260413","bubble","bath","zmax","7450-786334",0
"723",2026-04-13 09:17:00,18.177,7.507,"Mountain","Yes","20260413","bubble","bath","zmax","7450-786334",0
"724",2026-04-13 09:22:00,18.168,7.507,"Mountain","Yes","20260413","bubble","bath","zmax","7450-786334",0
"725",2026-04-13 09:27:00,18.151,7.505,"Mountain","Yes","20260413","bubble","bath","zmax","7450-786334",0
"726",2026-04-13 09:32:00,18.126,7.504,"Mountain","Yes","20260413","bubble","bath","zmax","7450-786334",0
"727",2026-04-13 09:37:00,18.134,7.49,"Mountain","Yes","20260413","bubble","bath","zmax","7450-786334",0
"728",2026-04-13 09:42:00,18.109,7.492,"Mountain","Yes","20260413","bubble","bath","zmax","7450-786334",0
"729",2026-04-13 09:47:00,18.092,7.488,"Mountain","Yes","20260413","bubble","bath","zmax","7450-786334",0
"730",2026-04-13 09:52:00,18.067,7.491,"Mountain","Yes","20260413","bubble","bath","zmax","7450-786334",0
"731",2026-04-13 09:57:00,18.059,7.488,"Mountain","Yes","20260413","bubble","bath","zmax","7450-786334",0
"732",2026-04-13 10:02:00,18.05,7.491,"Mountain","Yes","20260413","bubble","bath","zmax","7450-786334",0
"733",2026-04-13 10:07:00,18.033,7.49,"Mountain","Yes","20260413","bubble","bath","zmax","7450-786334",0
"734",2026-04-13 10:12:00,18.025,7.494,"Mountain","Yes","20260413","bubble","bath","zmax","7450-786334",0
"735",2026-04-13 10:17:00,18,7.5,"Mountain","Yes","20260413","bubble","bath","zmax","7450-786334",0
"736",2026-04-13 10:22:00,18.008,7.497,"Mountain","Yes","20260413","bubble","bath","zmax","7450-786334",0
"737",2026-04-13 10:27:00,17.974,7.506,"Mountain","Yes","20260413","bubble","bath","zmax","7450-786334",0
"738",2026-04-13 10:32:00,17.974,7.494,"Mountain","Yes","20260413","bubble","bath","zmax","7450-786334",0
"739",2026-04-13 10:37:00,17.974,7.494,"Mountain","Yes","20260413","bubble","bath","zmax","7450-786334",0
"740",2026-04-13 10:42:00,17.974,7.496,"Mountain","Yes","20260413","bubble","bath","zmax","7450-786334",0
"741",2026-04-13 10:47:00,17.941,7.512,"Mountain","Yes","20260413","bubble","bath","zmax","7450-786334",0
"742",2026-04-13 10:52:00,17.924,7.507,"Mountain","Yes","20260413","bubble","bath","zmax","7450-786334",0
"743",2026-04-13 10:57:00,17.932,7.498,"Mountain","Yes","20260413","bubble","bath","zmax","7450-786334",0
"744",2026-04-13 11:02:00,17.924,7.5,"Mountain","Yes","20260413","bubble","bath","zmax","7450-786334",0
"745",2026-04-13 11:07:00,17.915,7.5,"Mountain","Yes","20260413","bubble","bath","zmax","7450-786334",0
"746",2026-04-13 11:12:00,17.89,7.504,"Mountain","Yes","20260413","bubble","bath","zmax","7450-786334",0
"747",2026-04-13 11:17:00,17.882,7.502,"Mountain","Yes","20260413","bubble","bath","zmax","7450-786334",0
"748",2026-04-13 11:22:00,17.873,7.503,"Mountain","Yes","20260413","bubble","bath","zmax","7450-786334",0
"749",2026-04-13 11:27:00,17.848,7.51,"Mountain","Yes","20260413","bubble","bath","zmax","7450-786334",0
"750",2026-04-13 11:32:00,17.831,7.503,"Mountain","Yes","20260413","bubble","bath","zmax","7450-786334",0
"751",2026-04-13 11:37:00,17.831,7.516,"Mountain","Yes","20260413","bubble","bath","zmax","7450-786334",0
"752",2026-04-13 11:42:00,17.831,7.509,"Mountain","Yes","20260413","bubble","bath","zmax","7450-786334",0
"753",2026-04-13 11:47:00,17.789,7.521,"Mountain","Yes","20260413","bubble","bath","zmax","7450-786334",0
"754",2026-04-13 11:52:00,17.797,7.51,"Mountain","Yes","20260413","bubble","bath","zmax","7450-786334",0
"755",2026-04-13 11:57:00,17.797,7.516,"Mountain","Yes","20260413","bubble","bath","zmax","7450-786334",0
"756",2026-04-13 12:02:00,17.772,7.516,"Mountain","Yes","20260413","bubble","bath","zmax","7450-786334",0
"757",2026-04-13 12:07:00,17.764,7.529,"Mountain","Yes","20260413","bubble","bath","zmax","7450-786334",0
"758",2026-04-13 12:12:00,17.764,7.513,"Mountain","Yes","20260413","bubble","bath","zmax","7450-786334",0
"759",2026-04-13 12:17:00,17.764,7.523,"Mountain","Yes","20260413","bubble","bath","zmax","7450-786334",0
"760",2026-04-13 12:22:00,17.764,7.522,"Mountain","Yes","20260413","bubble","bath","zmax","7450-786334",0
"761",2026-04-13 12:27:00,17.747,7.524,"Mountain","Yes","20260413","bubble","bath","zmax","7450-786334",0
"762",2026-04-13 12:32:00,17.721,7.538,"Mountain","Yes","20260413","bubble","bath","zmax","7450-786334",0
"763",2026-04-13 12:37:00,17.721,7.531,"Mountain","Yes","20260413","bubble","bath","zmax","7450-786334",0
"764",2026-04-13 12:42:00,17.738,7.527,"Mountain","Yes","20260413","bubble","bath","zmax","7450-786334",0
"765",2026-04-13 12:47:00,17.73,7.531,"Mountain","Yes","20260413","bubble","bath","zmax","7450-786334",0
"766",2026-04-13 12:52:00,17.713,7.525,"Mountain","Yes","20260413","bubble","bath","zmax","7450-786334",0
"767",2026-04-13 12:57:00,17.696,7.529,"Mountain","Yes","20260413","bubble","bath","zmax","7450-786334",0
"768",2026-04-13 13:02:00,17.696,7.528,"Mountain","Yes","20260413","bubble","bath","zmax","7450-786334",0
"769",2026-04-13 13:07:00,17.696,7.53,"Mountain","Yes","20260413","bubble","bath","zmax","7450-786334",0
"770",2026-04-13 13:12:00,17.713,7.526,"Mountain","Yes","20260413","bubble","bath","zmax","7450-786334",0
"771",2026-04-13 13:17:00,17.713,7.523,"Mountain","Yes","20260413","bubble","bath","zmax","7450-786334",0
"772",2026-04-13 13:22:00,17.679,7.536,"Mountain","Yes","20260413","bubble","bath","zmax","7450-786334",0
"773",2026-04-13 13:27:00,17.662,7.539,"Mountain","Yes","20260413","bubble","bath","zmax","7450-786334",0
"774",2026-04-13 13:32:00,17.662,7.537,"Mountain","Yes","20260413","bubble","bath","zmax","7450-786334",0
"775",2026-04-13 13:37:00,17.671,7.533,"Mountain","Yes","20260413","bubble","bath","zmax","7450-786334",0
"776",2026-04-13 13:42:00,17.662,7.533,"Mountain","Yes","20260413","bubble","bath","zmax","7450-786334",0
"777",2026-04-13 13:47:00,17.637,7.534,"Mountain","Yes","20260413","bubble","bath","zmax","7450-786334",0
"778",2026-04-13 13:52:00,17.654,7.527,"Mountain","Yes","20260413","bubble","bath","zmax","7450-786334",0
"779",2026-04-13 13:57:00,17.637,7.53,"Mountain","Yes","20260413","bubble","bath","zmax","7450-786334",0
"780",2026-04-13 14:02:00,17.62,7.535,"Mountain","Yes","20260413","bubble","bath","zmax","7450-786334",0
"781",2026-04-13 14:07:00,17.612,7.535,"Mountain","Yes","20260413","bubble","bath","zmax","7450-786334",0
"782",2026-04-13 14:12:00,17.62,7.54,"Mountain","Yes","20260413","bubble","bath","zmax","7450-786334",0
"783",2026-04-13 14:17:00,17.612,7.536,"Mountain","Yes","20260413","bubble","bath","zmax","7450-786334",0
"784",2026-04-13 14:22:00,17.612,7.538,"Mountain","Yes","20260413","bubble","bath","zmax","7450-786334",0
"785",2026-04-13 14:27:00,17.595,7.535,"Mountain","Yes","20260413","bubble","bath","zmax","7450-786334",0
"786",2026-04-13 14:32:00,17.603,7.538,"Mountain","Yes","20260413","bubble","bath","zmax","7450-786334",0
"787",2026-04-13 14:37:00,17.586,7.538,"Mountain","Yes","20260413","bubble","bath","zmax","7450-786334",0
"788",2026-04-13 14:42:00,17.586,7.537,"Mountain","Yes","20260413","bubble","bath","zmax","7450-786334",0
"789",2026-04-13 14:47:00,17.586,7.539,"Mountain","Yes","20260413","bubble","bath","zmax","7450-786334",0
"790",2026-04-13 14:52:00,17.578,7.549,"Mountain","Yes","20260413","bubble","bath","zmax","7450-786334",0
"791",2026-04-13 14:57:00,17.586,7.552,"Mountain","Yes","20260413","bubble","bath","zmax","7450-786334",0
"792",2026-04-13 15:02:00,17.586,7.538,"Mountain","Yes","20260413","bubble","bath","zmax","7450-786334",0
"793",2026-04-13 15:07:00,17.595,7.542,"Mountain","Yes","20260413","bubble","bath","zmax","7450-786334",0
"794",2026-04-13 15:12:00,17.586,7.539,"Mountain","Yes","20260413","bubble","bath","zmax","7450-786334",0
"795",2026-04-13 15:17:00,17.578,7.54,"Mountain","Yes","20260413","bubble","bath","zmax","7450-786334",0
"796",2026-04-13 15:22:00,17.544,7.547,"Mountain","Yes","20260413","bubble","bath","zmax","7450-786334",0
"797",2026-04-13 15:27:00,17.544,7.553,"Mountain","Yes","20260413","bubble","bath","zmax","7450-786334",0
"798",2026-04-13 15:32:00,17.578,7.537,"Mountain","Yes","20260413","bubble","bath","zmax","7450-786334",0
"799",2026-04-13 15:37:00,17.062,7.469,"Mountain","Yes","20260413","bubble","bath","zmax","7450-786334",0
"800",2026-04-13 08:33:00,21.01,7.053,"Mountain","Yes","20260413","bubble","bath","zmax","7450-037344",0
"801",2026-04-13 08:38:00,21.002,7.058,"Mountain","Yes","20260413","bubble","bath","zmax","7450-037344",0
"802",2026-04-13 08:43:00,21.06,6.884,"Mountain","Yes","20260413","bubble","bath","zmax","7450-037344",0
"803",2026-04-13 08:48:00,21.678,6.975,"Mountain","Yes","20260413","bubble","bath","zmax","7450-037344",0
"804",2026-04-13 08:53:00,19.095,7.157,"Mountain","Yes","20260413","bubble","bath","zmax","7450-037344",0
"805",2026-04-13 08:58:00,18.432,7.283,"Mountain","Yes","20260413","bubble","bath","zmax","7450-037344",0
"806",2026-04-13 09:03:00,18.306,7.309,"Mountain","Yes","20260413","bubble","bath","zmax","7450-037344",0
"807",2026-04-13 09:08:00,18.238,7.308,"Mountain","Yes","20260413","bubble","bath","zmax","7450-037344",0
"808",2026-04-13 09:13:00,18.222,7.306,"Mountain","Yes","20260413","bubble","bath","zmax","7450-037344",0
"809",2026-04-13 09:18:00,18.171,7.304,"Mountain","Yes","20260413","bubble","bath","zmax","7450-037344",0
"810",2026-04-13 09:23:00,18.163,7.297,"Mountain","Yes","20260413","bubble","bath","zmax","7450-037344",0
"811",2026-04-13 09:28:00,18.138,7.299,"Mountain","Yes","20260413","bubble","bath","zmax","7450-037344",0
"812",2026-04-13 09:33:00,18.121,7.294,"Mountain","Yes","20260413","bubble","bath","zmax","7450-037344",0
"813",2026-04-13 09:38:00,18.104,7.289,"Mountain","Yes","20260413","bubble","bath","zmax","7450-037344",0
"814",2026-04-13 09:43:00,18.087,7.288,"Mountain","Yes","20260413","bubble","bath","zmax","7450-037344",0
"815",2026-04-13 09:48:00,18.087,7.286,"Mountain","Yes","20260413","bubble","bath","zmax","7450-037344",0
"816",2026-04-13 09:53:00,18.07,7.281,"Mountain","Yes","20260413","bubble","bath","zmax","7450-037344",0
"817",2026-04-13 09:58:00,18.045,7.287,"Mountain","Yes","20260413","bubble","bath","zmax","7450-037344",0
"818",2026-04-13 10:03:00,18.037,7.291,"Mountain","Yes","20260413","bubble","bath","zmax","7450-037344",0
"819",2026-04-13 10:08:00,18.02,7.291,"Mountain","Yes","20260413","bubble","bath","zmax","7450-037344",0
"820",2026-04-13 10:13:00,18.003,7.297,"Mountain","Yes","20260413","bubble","bath","zmax","7450-037344",0
"821",2026-04-13 10:18:00,17.994,7.292,"Mountain","Yes","20260413","bubble","bath","zmax","7450-037344",0
"822",2026-04-13 10:23:00,17.978,7.295,"Mountain","Yes","20260413","bubble","bath","zmax","7450-037344",0
"823",2026-04-13 10:28:00,17.969,7.303,"Mountain","Yes","20260413","bubble","bath","zmax","7450-037344",0
"824",2026-04-13 10:33:00,17.969,7.294,"Mountain","Yes","20260413","bubble","bath","zmax","7450-037344",0
"825",2026-04-13 10:38:00,17.969,7.288,"Mountain","Yes","20260413","bubble","bath","zmax","7450-037344",0
"826",2026-04-13 10:43:00,17.952,7.291,"Mountain","Yes","20260413","bubble","bath","zmax","7450-037344",0
"827",2026-04-13 10:48:00,17.935,7.303,"Mountain","Yes","20260413","bubble","bath","zmax","7450-037344",0
"828",2026-04-13 10:53:00,17.944,7.294,"Mountain","Yes","20260413","bubble","bath","zmax","7450-037344",0
"829",2026-04-13 10:58:00,17.935,7.293,"Mountain","Yes","20260413","bubble","bath","zmax","7450-037344",0
"830",2026-04-13 11:03:00,17.902,7.299,"Mountain","Yes","20260413","bubble","bath","zmax","7450-037344",0
"831",2026-04-13 11:08:00,17.893,7.301,"Mountain","Yes","20260413","bubble","bath","zmax","7450-037344",0
"832",2026-04-13 11:13:00,17.868,7.304,"Mountain","Yes","20260413","bubble","bath","zmax","7450-037344",0
"833",2026-04-13 11:18:00,17.885,7.3,"Mountain","Yes","20260413","bubble","bath","zmax","7450-037344",0
"834",2026-04-13 11:23:00,17.86,7.302,"Mountain","Yes","20260413","bubble","bath","zmax","7450-037344",0
"835",2026-04-13 11:28:00,17.843,7.302,"Mountain","Yes","20260413","bubble","bath","zmax","7450-037344",0
"836",2026-04-13 11:33:00,17.817,7.302,"Mountain","Yes","20260413","bubble","bath","zmax","7450-037344",0
"837",2026-04-13 11:38:00,17.817,7.314,"Mountain","Yes","20260413","bubble","bath","zmax","7450-037344",0
"838",2026-04-13 11:43:00,17.809,7.314,"Mountain","Yes","20260413","bubble","bath","zmax","7450-037344",0
"839",2026-04-13 11:48:00,17.792,7.318,"Mountain","Yes","20260413","bubble","bath","zmax","7450-037344",0
"840",2026-04-13 11:53:00,17.792,7.316,"Mountain","Yes","20260413","bubble","bath","zmax","7450-037344",0
"841",2026-04-13 11:58:00,17.792,7.31,"Mountain","Yes","20260413","bubble","bath","zmax","7450-037344",0
"842",2026-04-13 12:03:00,17.775,7.317,"Mountain","Yes","20260413","bubble","bath","zmax","7450-037344",0
"843",2026-04-13 12:08:00,17.767,7.317,"Mountain","Yes","20260413","bubble","bath","zmax","7450-037344",0
"844",2026-04-13 12:13:00,17.784,7.3,"Mountain","Yes","20260413","bubble","bath","zmax","7450-037344",0
"845",2026-04-13 12:18:00,17.742,7.321,"Mountain","Yes","20260413","bubble","bath","zmax","7450-037344",0
"846",2026-04-13 12:23:00,17.75,7.314,"Mountain","Yes","20260413","bubble","bath","zmax","7450-037344",0
"847",2026-04-13 12:28:00,17.733,7.319,"Mountain","Yes","20260413","bubble","bath","zmax","7450-037344",0
"848",2026-04-13 12:33:00,17.733,7.315,"Mountain","Yes","20260413","bubble","bath","zmax","7450-037344",0
"849",2026-04-13 12:38:00,17.725,7.32,"Mountain","Yes","20260413","bubble","bath","zmax","7450-037344",0
"850",2026-04-13 12:43:00,17.725,7.323,"Mountain","Yes","20260413","bubble","bath","zmax","7450-037344",0
"851",2026-04-13 12:48:00,17.716,7.321,"Mountain","Yes","20260413","bubble","bath","zmax","7450-037344",0
"852",2026-04-13 12:53:00,17.691,7.316,"Mountain","Yes","20260413","bubble","bath","zmax","7450-037344",0
"853",2026-04-13 12:58:00,17.716,7.318,"Mountain","Yes","20260413","bubble","bath","zmax","7450-037344",0
"854",2026-04-13 13:03:00,17.691,7.324,"Mountain","Yes","20260413","bubble","bath","zmax","7450-037344",0
"855",2026-04-13 13:08:00,17.683,7.319,"Mountain","Yes","20260413","bubble","bath","zmax","7450-037344",0
"856",2026-04-13 13:13:00,17.708,7.317,"Mountain","Yes","20260413","bubble","bath","zmax","7450-037344",0
"857",2026-04-13 13:18:00,17.683,7.323,"Mountain","Yes","20260413","bubble","bath","zmax","7450-037344",0
"858",2026-04-13 13:23:00,17.683,7.318,"Mountain","Yes","20260413","bubble","bath","zmax","7450-037344",0
"859",2026-04-13 13:28:00,17.649,7.337,"Mountain","Yes","20260413","bubble","bath","zmax","7450-037344",0
"860",2026-04-13 13:33:00,17.666,7.326,"Mountain","Yes","20260413","bubble","bath","zmax","7450-037344",0
"861",2026-04-13 13:38:00,17.674,7.324,"Mountain","Yes","20260413","bubble","bath","zmax","7450-037344",0
"862",2026-04-13 13:43:00,17.657,7.328,"Mountain","Yes","20260413","bubble","bath","zmax","7450-037344",0
"863",2026-04-13 13:48:00,17.657,7.317,"Mountain","Yes","20260413","bubble","bath","zmax","7450-037344",0
"864",2026-04-13 13:53:00,17.649,7.331,"Mountain","Yes","20260413","bubble","bath","zmax","7450-037344",0
"865",2026-04-13 13:58:00,17.615,7.333,"Mountain","Yes","20260413","bubble","bath","zmax","7450-037344",0
"866",2026-04-13 14:03:00,17.624,7.328,"Mountain","Yes","20260413","bubble","bath","zmax","7450-037344",0
"867",2026-04-13 14:08:00,17.598,7.335,"Mountain","Yes","20260413","bubble","bath","zmax","7450-037344",0
"868",2026-04-13 14:13:00,17.624,7.325,"Mountain","Yes","20260413","bubble","bath","zmax","7450-037344",0
"869",2026-04-13 14:18:00,17.607,7.333,"Mountain","Yes","20260413","bubble","bath","zmax","7450-037344",0
"870",2026-04-13 14:23:00,17.607,7.326,"Mountain","Yes","20260413","bubble","bath","zmax","7450-037344",0
"871",2026-04-13 14:28:00,17.598,7.333,"Mountain","Yes","20260413","bubble","bath","zmax","7450-037344",0
"872",2026-04-13 14:33:00,17.59,7.341,"Mountain","Yes","20260413","bubble","bath","zmax","7450-037344",0
"873",2026-04-13 14:38:00,17.573,7.342,"Mountain","Yes","20260413","bubble","bath","zmax","7450-037344",0
"874",2026-04-13 14:43:00,17.581,7.327,"Mountain","Yes","20260413","bubble","bath","zmax","7450-037344",0
"875",2026-04-13 14:48:00,17.573,7.335,"Mountain","Yes","20260413","bubble","bath","zmax","7450-037344",0
"876",2026-04-13 14:53:00,17.564,7.342,"Mountain","Yes","20260413","bubble","bath","zmax","7450-037344",0
"877",2026-04-13 14:58:00,17.573,7.332,"Mountain","Yes","20260413","bubble","bath","zmax","7450-037344",0
"878",2026-04-13 15:03:00,17.556,7.339,"Mountain","Yes","20260413","bubble","bath","zmax","7450-037344",0
"879",2026-04-13 15:08:00,17.573,7.334,"Mountain","Yes","20260413","bubble","bath","zmax","7450-037344",0
"880",2026-04-13 15:13:00,17.556,7.338,"Mountain","Yes","20260413","bubble","bath","zmax","7450-037344",0
"881",2026-04-13 15:18:00,17.556,7.348,"Mountain","Yes","20260413","bubble","bath","zmax","7450-037344",0
"882",2026-04-13 15:23:00,17.581,7.331,"Mountain","Yes","20260413","bubble","bath","zmax","7450-037344",0
"883",2026-04-13 15:28:00,17.556,7.226,"Mountain","Yes","20260413","bubble","bath","zmax","7450-037344",0
"884",2026-04-13 15:33:00,17.243,7.369,"Mountain","Yes","20260413","bubble","bath","zmax","7450-037344",0
"885",2026-04-13 15:38:00,17.505,7.351,"Mountain","Yes","20260413","bubble","bath","zmax","7450-037344",0
"886",2026-04-13 15:43:00,17.851,7.359,"Mountain","Yes","20260413","bubble","bath","zmax","7450-037344",0
"887",2026-04-13 15:48:00,18.222,7.313,"Mountain","Yes","20260413","bubble","bath","zmax","7450-037344",0
"888",2026-04-13 08:35:00,20.927,7.26,"Mountain","Yes","20260413","bubble","bath","zmax","7450-229246",0
"889",2026-04-13 08:40:00,20.851,7.268,"Mountain","Yes","20260413","bubble","bath","zmax","7450-229246",0
"890",2026-04-13 08:45:00,20.76,7.28,"Mountain","Yes","20260413","bubble","bath","zmax","7450-229246",0
"891",2026-04-13 08:50:00,21.177,7.2,"Mountain","Yes","20260413","bubble","bath","zmax","7450-229246",0
"892",2026-04-13 08:55:00,18.701,7.415,"Mountain","Yes","20260413","bubble","bath","zmax","7450-229246",0
"893",2026-04-13 09:00:00,18.339,7.486,"Mountain","Yes","20260413","bubble","bath","zmax","7450-229246",0
"894",2026-04-13 09:05:00,18.255,7.489,"Mountain","Yes","20260413","bubble","bath","zmax","7450-229246",0
"895",2026-04-13 09:10:00,18.222,7.491,"Mountain","Yes","20260413","bubble","bath","zmax","7450-229246",0
"896",2026-04-13 09:15:00,18.205,7.479,"Mountain","Yes","20260413","bubble","bath","zmax","7450-229246",0
"897",2026-04-13 09:20:00,18.154,7.484,"Mountain","Yes","20260413","bubble","bath","zmax","7450-229246",0
"898",2026-04-13 09:25:00,18.129,7.479,"Mountain","Yes","20260413","bubble","bath","zmax","7450-229246",0
"899",2026-04-13 09:30:00,18.121,7.477,"Mountain","Yes","20260413","bubble","bath","zmax","7450-229246",0
"900",2026-04-13 09:35:00,18.104,7.482,"Mountain","Yes","20260413","bubble","bath","zmax","7450-229246",0
"901",2026-04-13 09:40:00,18.079,7.479,"Mountain","Yes","20260413","bubble","bath","zmax","7450-229246",0
"902",2026-04-13 09:45:00,18.07,7.474,"Mountain","Yes","20260413","bubble","bath","zmax","7450-229246",0
"903",2026-04-13 09:50:00,18.079,7.461,"Mountain","Yes","20260413","bubble","bath","zmax","7450-229246",0
"904",2026-04-13 09:55:00,18.045,7.475,"Mountain","Yes","20260413","bubble","bath","zmax","7450-229246",0
"905",2026-04-13 10:00:00,18.028,7.475,"Mountain","Yes","20260413","bubble","bath","zmax","7450-229246",0
"906",2026-04-13 10:05:00,18.037,7.466,"Mountain","Yes","20260413","bubble","bath","zmax","7450-229246",0
"907",2026-04-13 10:10:00,18.02,7.464,"Mountain","Yes","20260413","bubble","bath","zmax","7450-229246",0
"908",2026-04-13 10:15:00,18.003,7.469,"Mountain","Yes","20260413","bubble","bath","zmax","7450-229246",0
"909",2026-04-13 10:20:00,18.003,7.468,"Mountain","Yes","20260413","bubble","bath","zmax","7450-229246",0
"910",2026-04-13 10:25:00,17.986,7.471,"Mountain","Yes","20260413","bubble","bath","zmax","7450-229246",0
"911",2026-04-13 10:30:00,17.978,7.481,"Mountain","Yes","20260413","bubble","bath","zmax","7450-229246",0
"912",2026-04-13 10:35:00,17.961,7.476,"Mountain","Yes","20260413","bubble","bath","zmax","7450-229246",0
"913",2026-04-13 10:40:00,17.961,7.473,"Mountain","Yes","20260413","bubble","bath","zmax","7450-229246",0
"914",2026-04-13 10:45:00,17.927,7.476,"Mountain","Yes","20260413","bubble","bath","zmax","7450-229246",0
"915",2026-04-13 10:50:00,17.944,7.479,"Mountain","Yes","20260413","bubble","bath","zmax","7450-229246",0
"916",2026-04-13 10:55:00,17.927,7.473,"Mountain","Yes","20260413","bubble","bath","zmax","7450-229246",0
"917",2026-04-13 11:00:00,17.91,7.481,"Mountain","Yes","20260413","bubble","bath","zmax","7450-229246",0
"918",2026-04-13 11:05:00,17.893,7.482,"Mountain","Yes","20260413","bubble","bath","zmax","7450-229246",0
"919",2026-04-13 11:10:00,17.885,7.481,"Mountain","Yes","20260413","bubble","bath","zmax","7450-229246",0
"920",2026-04-13 11:15:00,17.868,7.478,"Mountain","Yes","20260413","bubble","bath","zmax","7450-229246",0
"921",2026-04-13 11:20:00,17.86,7.49,"Mountain","Yes","20260413","bubble","bath","zmax","7450-229246",0
"922",2026-04-13 11:25:00,17.851,7.489,"Mountain","Yes","20260413","bubble","bath","zmax","7450-229246",0
"923",2026-04-13 11:30:00,17.826,7.491,"Mountain","Yes","20260413","bubble","bath","zmax","7450-229246",0
"924",2026-04-13 11:35:00,17.809,7.492,"Mountain","Yes","20260413","bubble","bath","zmax","7450-229246",0
"925",2026-04-13 11:40:00,17.826,7.483,"Mountain","Yes","20260413","bubble","bath","zmax","7450-229246",0
"926",2026-04-13 11:45:00,17.809,7.492,"Mountain","Yes","20260413","bubble","bath","zmax","7450-229246",0
"927",2026-04-13 11:50:00,17.784,7.497,"Mountain","Yes","20260413","bubble","bath","zmax","7450-229246",0
"928",2026-04-13 11:55:00,17.792,7.493,"Mountain","Yes","20260413","bubble","bath","zmax","7450-229246",0
"929",2026-04-13 12:00:00,17.784,7.49,"Mountain","Yes","20260413","bubble","bath","zmax","7450-229246",0
"930",2026-04-13 12:05:00,17.758,7.497,"Mountain","Yes","20260413","bubble","bath","zmax","7450-229246",0
"931",2026-04-13 12:10:00,17.767,7.494,"Mountain","Yes","20260413","bubble","bath","zmax","7450-229246",0
"932",2026-04-13 12:15:00,17.758,7.5,"Mountain","Yes","20260413","bubble","bath","zmax","7450-229246",0
"933",2026-04-13 12:20:00,17.742,7.501,"Mountain","Yes","20260413","bubble","bath","zmax","7450-229246",0
"934",2026-04-13 12:25:00,17.75,7.497,"Mountain","Yes","20260413","bubble","bath","zmax","7450-229246",0
"935",2026-04-13 12:30:00,17.725,7.503,"Mountain","Yes","20260413","bubble","bath","zmax","7450-229246",0
"936",2026-04-13 12:35:00,17.725,7.501,"Mountain","Yes","20260413","bubble","bath","zmax","7450-229246",0
"937",2026-04-13 12:40:00,17.733,7.494,"Mountain","Yes","20260413","bubble","bath","zmax","7450-229246",0
"938",2026-04-13 12:45:00,17.716,7.501,"Mountain","Yes","20260413","bubble","bath","zmax","7450-229246",0
"939",2026-04-13 12:50:00,17.708,7.499,"Mountain","Yes","20260413","bubble","bath","zmax","7450-229246",0
"940",2026-04-13 12:55:00,17.716,7.499,"Mountain","Yes","20260413","bubble","bath","zmax","7450-229246",0
"941",2026-04-13 13:00:00,17.699,7.498,"Mountain","Yes","20260413","bubble","bath","zmax","7450-229246",0
"942",2026-04-13 13:05:00,17.708,7.498,"Mountain","Yes","20260413","bubble","bath","zmax","7450-229246",0
"943",2026-04-13 13:10:00,17.674,7.506,"Mountain","Yes","20260413","bubble","bath","zmax","7450-229246",0
"944",2026-04-13 13:15:00,17.674,7.511,"Mountain","Yes","20260413","bubble","bath","zmax","7450-229246",0
"945",2026-04-13 13:20:00,17.674,7.507,"Mountain","Yes","20260413","bubble","bath","zmax","7450-229246",0
"946",2026-04-13 13:25:00,17.666,7.509,"Mountain","Yes","20260413","bubble","bath","zmax","7450-229246",0
"947",2026-04-13 13:30:00,17.649,7.512,"Mountain","Yes","20260413","bubble","bath","zmax","7450-229246",0
"948",2026-04-13 13:35:00,17.674,7.509,"Mountain","Yes","20260413","bubble","bath","zmax","7450-229246",0
"949",2026-04-13 13:40:00,17.649,7.511,"Mountain","Yes","20260413","bubble","bath","zmax","7450-229246",0
"950",2026-04-13 13:45:00,17.649,7.514,"Mountain","Yes","20260413","bubble","bath","zmax","7450-229246",0
"951",2026-04-13 13:50:00,17.64,7.509,"Mountain","Yes","20260413","bubble","bath","zmax","7450-229246",0
"952",2026-04-13 13:55:00,17.649,7.504,"Mountain","Yes","20260413","bubble","bath","zmax","7450-229246",0
"953",2026-04-13 14:00:00,17.607,7.514,"Mountain","Yes","20260413","bubble","bath","zmax","7450-229246",0
"954",2026-04-13 14:05:00,17.607,7.509,"Mountain","Yes","20260413","bubble","bath","zmax","7450-229246",0
"955",2026-04-13 14:10:00,17.615,7.513,"Mountain","Yes","20260413","bubble","bath","zmax","7450-229246",0
"956",2026-04-13 14:15:00,17.607,7.504,"Mountain","Yes","20260413","bubble","bath","zmax","7450-229246",0
"957",2026-04-13 14:20:00,17.573,7.517,"Mountain","Yes","20260413","bubble","bath","zmax","7450-229246",0
"958",2026-04-13 14:25:00,17.581,7.516,"Mountain","Yes","20260413","bubble","bath","zmax","7450-229246",0
"959",2026-04-13 14:30:00,17.59,7.51,"Mountain","Yes","20260413","bubble","bath","zmax","7450-229246",0
"960",2026-04-13 14:35:00,17.573,7.512,"Mountain","Yes","20260413","bubble","bath","zmax","7450-229246",0
"961",2026-04-13 14:40:00,17.598,7.508,"Mountain","Yes","20260413","bubble","bath","zmax","7450-229246",0
"962",2026-04-13 14:45:00,17.564,7.515,"Mountain","Yes","20260413","bubble","bath","zmax","7450-229246",0
"963",2026-04-13 14:50:00,17.59,7.507,"Mountain","Yes","20260413","bubble","bath","zmax","7450-229246",0
"964",2026-04-13 14:55:00,17.573,7.517,"Mountain","Yes","20260413","bubble","bath","zmax","7450-229246",0
"965",2026-04-13 15:00:00,17.564,7.519,"Mountain","Yes","20260413","bubble","bath","zmax","7450-229246",0
"966",2026-04-13 15:05:00,17.573,7.517,"Mountain","Yes","20260413","bubble","bath","zmax","7450-229246",0
"967",2026-04-13 15:10:00,17.564,7.512,"Mountain","Yes","20260413","bubble","bath","zmax","7450-229246",0
"968",2026-04-13 15:15:00,17.564,7.511,"Mountain","Yes","20260413","bubble","bath","zmax","7450-229246",0
"969",2026-04-13 15:20:00,17.564,7.519,"Mountain","Yes","20260413","bubble","bath","zmax","7450-229246",0
"970",2026-04-13 15:25:00,17.564,7.51,"Mountain","Yes","20260413","bubble","bath","zmax","7450-229246",0
"971",2026-04-13 15:30:00,17.564,7.51,"Mountain","Yes","20260413","bubble","bath","zmax","7450-229246",0
"972",2026-04-13 15:35:00,17.387,7.512,"Mountain","Yes","20260413","bubble","bath","zmax","7450-229246",0
"973",2026-04-13 08:37:00,20.968,6.897,"Mountain","Yes","20260413","bubble","bath","zmax","7450-029591",0
"974",2026-04-13 08:42:00,21.328,6.833,"Mountain","Yes","20260413","bubble","bath","zmax","7450-029591",0
"975",2026-04-13 08:47:00,21.712,6.812,"Mountain","Yes","20260413","bubble","bath","zmax","7450-029591",0
"976",2026-04-13 08:52:00,19.68,6.84,"Mountain","Yes","20260413","bubble","bath","zmax","7450-029591",0
"977",2026-04-13 08:57:00,18.548,7.028,"Mountain","Yes","20260413","bubble","bath","zmax","7450-029591",0
"978",2026-04-13 09:02:00,18.321,7.054,"Mountain","Yes","20260413","bubble","bath","zmax","7450-029591",0
"979",2026-04-13 09:07:00,18.279,7.047,"Mountain","Yes","20260413","bubble","bath","zmax","7450-029591",0
"980",2026-04-13 09:12:00,18.228,7.047,"Mountain","Yes","20260413","bubble","bath","zmax","7450-029591",0
"981",2026-04-13 09:17:00,18.169,7.052,"Mountain","Yes","20260413","bubble","bath","zmax","7450-029591",0
"982",2026-04-13 09:22:00,18.161,7.042,"Mountain","Yes","20260413","bubble","bath","zmax","7450-029591",0
"983",2026-04-13 09:27:00,18.144,7.039,"Mountain","Yes","20260413","bubble","bath","zmax","7450-029591",0
"984",2026-04-13 09:32:00,18.127,7.036,"Mountain","Yes","20260413","bubble","bath","zmax","7450-029591",0
"985",2026-04-13 09:37:00,18.11,7.034,"Mountain","Yes","20260413","bubble","bath","zmax","7450-029591",0
"986",2026-04-13 09:42:00,18.102,7.031,"Mountain","Yes","20260413","bubble","bath","zmax","7450-029591",0
"987",2026-04-13 09:47:00,18.068,7.033,"Mountain","Yes","20260413","bubble","bath","zmax","7450-029591",0
"988",2026-04-13 09:52:00,18.06,7.034,"Mountain","Yes","20260413","bubble","bath","zmax","7450-029591",0
"989",2026-04-13 09:57:00,18.051,7.031,"Mountain","Yes","20260413","bubble","bath","zmax","7450-029591",0
"990",2026-04-13 10:02:00,18.034,7.03,"Mountain","Yes","20260413","bubble","bath","zmax","7450-029591",0
"991",2026-04-13 10:07:00,18.017,7.034,"Mountain","Yes","20260413","bubble","bath","zmax","7450-029591",0
"992",2026-04-13 10:12:00,18.009,7.029,"Mountain","Yes","20260413","bubble","bath","zmax","7450-029591",0
"993",2026-04-13 10:17:00,17.992,7.036,"Mountain","Yes","20260413","bubble","bath","zmax","7450-029591",0
"994",2026-04-13 10:22:00,17.984,7.041,"Mountain","Yes","20260413","bubble","bath","zmax","7450-029591",0
"995",2026-04-13 10:27:00,17.984,7.036,"Mountain","Yes","20260413","bubble","bath","zmax","7450-029591",0
"996",2026-04-13 10:32:00,17.984,7.036,"Mountain","Yes","20260413","bubble","bath","zmax","7450-029591",0
"997",2026-04-13 10:37:00,17.967,7.034,"Mountain","Yes","20260413","bubble","bath","zmax","7450-029591",0
"998",2026-04-13 10:42:00,17.942,7.037,"Mountain","Yes","20260413","bubble","bath","zmax","7450-029591",0
"999",2026-04-13 10:47:00,17.933,7.036,"Mountain","Yes","20260413","bubble","bath","zmax","7450-029591",0
"1000",2026-04-13 10:52:00,17.942,7.034,"Mountain","Yes","20260413","bubble","bath","zmax","7450-029591",0
"1001",2026-04-13 10:57:00,17.933,7.036,"Mountain","Yes","20260413","bubble","bath","zmax","7450-029591",0
"1002",2026-04-13 11:02:00,17.925,7.032,"Mountain","Yes","20260413","bubble","bath","zmax","7450-029591",0
"1003",2026-04-13 11:07:00,17.916,7.032,"Mountain","Yes","20260413","bubble","bath","zmax","7450-029591",0
"1004",2026-04-13 11:12:00,17.891,7.037,"Mountain","Yes","20260413","bubble","bath","zmax","7450-029591",0
"1005",2026-04-13 11:17:00,17.891,7.037,"Mountain","Yes","20260413","bubble","bath","zmax","7450-029591",0
"1006",2026-04-13 11:22:00,17.866,7.039,"Mountain","Yes","20260413","bubble","bath","zmax","7450-029591",0
"1007",2026-04-13 11:27:00,17.866,7.038,"Mountain","Yes","20260413","bubble","bath","zmax","7450-029591",0
"1008",2026-04-13 11:32:00,17.84,7.042,"Mountain","Yes","20260413","bubble","bath","zmax","7450-029591",0
"1009",2026-04-13 11:37:00,17.815,7.049,"Mountain","Yes","20260413","bubble","bath","zmax","7450-029591",0
"1010",2026-04-13 11:42:00,17.832,7.044,"Mountain","Yes","20260413","bubble","bath","zmax","7450-029591",0
"1011",2026-04-13 11:47:00,17.807,7.049,"Mountain","Yes","20260413","bubble","bath","zmax","7450-029591",0
"1012",2026-04-13 11:52:00,17.79,7.054,"Mountain","Yes","20260413","bubble","bath","zmax","7450-029591",0
"1013",2026-04-13 11:57:00,17.781,7.055,"Mountain","Yes","20260413","bubble","bath","zmax","7450-029591",0
"1014",2026-04-13 12:02:00,17.798,7.051,"Mountain","Yes","20260413","bubble","bath","zmax","7450-029591",0
"1015",2026-04-13 12:07:00,17.748,7.055,"Mountain","Yes","20260413","bubble","bath","zmax","7450-029591",0
"1016",2026-04-13 12:12:00,17.773,7.055,"Mountain","Yes","20260413","bubble","bath","zmax","7450-029591",0
"1017",2026-04-13 12:17:00,17.765,7.052,"Mountain","Yes","20260413","bubble","bath","zmax","7450-029591",0
"1018",2026-04-13 12:22:00,17.756,7.051,"Mountain","Yes","20260413","bubble","bath","zmax","7450-029591",0
"1019",2026-04-13 12:27:00,17.756,7.054,"Mountain","Yes","20260413","bubble","bath","zmax","7450-029591",0
"1020",2026-04-13 12:32:00,17.748,7.051,"Mountain","Yes","20260413","bubble","bath","zmax","7450-029591",0
"1021",2026-04-13 12:37:00,17.731,7.056,"Mountain","Yes","20260413","bubble","bath","zmax","7450-029591",0
"1022",2026-04-13 12:42:00,17.722,7.055,"Mountain","Yes","20260413","bubble","bath","zmax","7450-029591",0
"1023",2026-04-13 12:47:00,17.714,7.058,"Mountain","Yes","20260413","bubble","bath","zmax","7450-029591",0
"1024",2026-04-13 12:52:00,17.714,7.06,"Mountain","Yes","20260413","bubble","bath","zmax","7450-029591",0
"1025",2026-04-13 12:57:00,17.714,7.059,"Mountain","Yes","20260413","bubble","bath","zmax","7450-029591",0
"1026",2026-04-13 13:02:00,17.722,7.05,"Mountain","Yes","20260413","bubble","bath","zmax","7450-029591",0
"1027",2026-04-13 13:07:00,17.714,7.053,"Mountain","Yes","20260413","bubble","bath","zmax","7450-029591",0
"1028",2026-04-13 13:12:00,17.68,7.057,"Mountain","Yes","20260413","bubble","bath","zmax","7450-029591",0
"1029",2026-04-13 13:17:00,17.705,7.052,"Mountain","Yes","20260413","bubble","bath","zmax","7450-029591",0
"1030",2026-04-13 13:22:00,17.689,7.059,"Mountain","Yes","20260413","bubble","bath","zmax","7450-029591",0
"1031",2026-04-13 13:27:00,17.689,7.055,"Mountain","Yes","20260413","bubble","bath","zmax","7450-029591",0
"1032",2026-04-13 13:32:00,17.663,7.062,"Mountain","Yes","20260413","bubble","bath","zmax","7450-029591",0
"1033",2026-04-13 13:37:00,17.663,7.056,"Mountain","Yes","20260413","bubble","bath","zmax","7450-029591",0
"1034",2026-04-13 13:42:00,17.655,7.062,"Mountain","Yes","20260413","bubble","bath","zmax","7450-029591",0
"1035",2026-04-13 13:47:00,17.646,7.065,"Mountain","Yes","20260413","bubble","bath","zmax","7450-029591",0
"1036",2026-04-13 13:52:00,17.638,7.058,"Mountain","Yes","20260413","bubble","bath","zmax","7450-029591",0
"1037",2026-04-13 13:57:00,17.638,7.064,"Mountain","Yes","20260413","bubble","bath","zmax","7450-029591",0
"1038",2026-04-13 14:02:00,17.621,7.06,"Mountain","Yes","20260413","bubble","bath","zmax","7450-029591",0
"1039",2026-04-13 14:07:00,17.629,7.059,"Mountain","Yes","20260413","bubble","bath","zmax","7450-029591",0
"1040",2026-04-13 14:12:00,17.621,7.054,"Mountain","Yes","20260413","bubble","bath","zmax","7450-029591",0
"1041",2026-04-13 14:17:00,17.621,7.061,"Mountain","Yes","20260413","bubble","bath","zmax","7450-029591",0
"1042",2026-04-13 14:22:00,17.596,7.067,"Mountain","Yes","20260413","bubble","bath","zmax","7450-029591",0
"1043",2026-04-13 14:27:00,17.596,7.067,"Mountain","Yes","20260413","bubble","bath","zmax","7450-029591",0
"1044",2026-04-13 14:32:00,17.587,7.065,"Mountain","Yes","20260413","bubble","bath","zmax","7450-029591",0
"1045",2026-04-13 14:37:00,17.596,7.07,"Mountain","Yes","20260413","bubble","bath","zmax","7450-029591",0
"1046",2026-04-13 14:42:00,17.579,7.063,"Mountain","Yes","20260413","bubble","bath","zmax","7450-029591",0
"1047",2026-04-13 14:47:00,17.57,7.07,"Mountain","Yes","20260413","bubble","bath","zmax","7450-029591",0
"1048",2026-04-13 14:52:00,17.596,7.06,"Mountain","Yes","20260413","bubble","bath","zmax","7450-029591",0
"1049",2026-04-13 14:57:00,17.579,7.066,"Mountain","Yes","20260413","bubble","bath","zmax","7450-029591",0
"1050",2026-04-13 15:02:00,17.579,7.065,"Mountain","Yes","20260413","bubble","bath","zmax","7450-029591",0
"1051",2026-04-13 15:07:00,17.596,7.059,"Mountain","Yes","20260413","bubble","bath","zmax","7450-029591",0
"1052",2026-04-13 15:12:00,17.562,7.07,"Mountain","Yes","20260413","bubble","bath","zmax","7450-029591",0
"1053",2026-04-13 15:17:00,17.579,7.066,"Mountain","Yes","20260413","bubble","bath","zmax","7450-029591",0
"1054",2026-04-13 15:22:00,17.579,7.06,"Mountain","Yes","20260413","bubble","bath","zmax","7450-029591",0
"1055",2026-04-13 15:27:00,17.587,7.062,"Mountain","Yes","20260413","bubble","bath","zmax","7450-029591",0
"1056",2026-04-13 15:32:00,17.258,7.072,"Mountain","Yes","20260413","bubble","bath","zmax","7450-029591",0
"1057",2026-04-13 15:37:00,17.351,7.068,"Mountain","Yes","20260413","bubble","bath","zmax","7450-029591",0
"1058",2026-04-13 15:42:00,17.511,7.093,"Mountain","Yes","20260413","bubble","bath","zmax","7450-029591",0
"1059",2026-04-13 15:47:00,17.672,7.083,"Mountain","Yes","20260413","bubble","bath","zmax","7450-029591",0
"1060",2026-04-13 15:52:00,17.883,7.04,"Mountain","Yes","20260413","bubble","bath","zmax","7450-029591",0
"1061",2026-04-13 15:57:00,18.051,7.045,"Mountain","Yes","20260413","bubble","bath","zmax","7450-029591",0
"1062",2026-04-13 08:40:00,20.898,7.54,"Mountain","Yes","20260413","bubble","bath","zmax","7450-761903",0
"1063",2026-04-13 08:45:00,20.756,7.554,"Mountain","Yes","20260413","bubble","bath","zmax","7450-761903",0
"1064",2026-04-13 08:50:00,20.79,7.192,"Mountain","Yes","20260413","bubble","bath","zmax","7450-761903",0
"1065",2026-04-13 08:55:00,18.654,7.717,"Mountain","Yes","20260413","bubble","bath","zmax","7450-761903",0
"1066",2026-04-13 09:00:00,18.352,7.764,"Mountain","Yes","20260413","bubble","bath","zmax","7450-761903",0
"1067",2026-04-13 09:05:00,18.268,7.769,"Mountain","Yes","20260413","bubble","bath","zmax","7450-761903",0
"1068",2026-04-13 09:10:00,18.217,7.772,"Mountain","Yes","20260413","bubble","bath","zmax","7450-761903",0
"1069",2026-04-13 09:15:00,18.192,7.768,"Mountain","Yes","20260413","bubble","bath","zmax","7450-761903",0
"1070",2026-04-13 09:20:00,18.141,7.764,"Mountain","Yes","20260413","bubble","bath","zmax","7450-761903",0
"1071",2026-04-13 09:25:00,18.141,7.762,"Mountain","Yes","20260413","bubble","bath","zmax","7450-761903",0
"1072",2026-04-13 09:30:00,18.125,7.753,"Mountain","Yes","20260413","bubble","bath","zmax","7450-761903",0
"1073",2026-04-13 09:35:00,18.099,7.76,"Mountain","Yes","20260413","bubble","bath","zmax","7450-761903",0
"1074",2026-04-13 09:40:00,18.091,7.754,"Mountain","Yes","20260413","bubble","bath","zmax","7450-761903",0
"1075",2026-04-13 09:45:00,18.091,7.75,"Mountain","Yes","20260413","bubble","bath","zmax","7450-761903",0
"1076",2026-04-13 09:50:00,18.049,7.752,"Mountain","Yes","20260413","bubble","bath","zmax","7450-761903",0
"1077",2026-04-13 09:55:00,18.04,7.755,"Mountain","Yes","20260413","bubble","bath","zmax","7450-761903",0
"1078",2026-04-13 10:00:00,18.04,7.752,"Mountain","Yes","20260413","bubble","bath","zmax","7450-761903",0
"1079",2026-04-13 10:05:00,18.024,7.749,"Mountain","Yes","20260413","bubble","bath","zmax","7450-761903",0
"1080",2026-04-13 10:10:00,18.015,7.751,"Mountain","Yes","20260413","bubble","bath","zmax","7450-761903",0
"1081",2026-04-13 10:15:00,18.007,7.75,"Mountain","Yes","20260413","bubble","bath","zmax","7450-761903",0
"1082",2026-04-13 10:20:00,17.99,7.751,"Mountain","Yes","20260413","bubble","bath","zmax","7450-761903",0
"1083",2026-04-13 10:25:00,17.981,7.75,"Mountain","Yes","20260413","bubble","bath","zmax","7450-761903",0
"1084",2026-04-13 10:30:00,17.965,7.752,"Mountain","Yes","20260413","bubble","bath","zmax","7450-761903",0
"1085",2026-04-13 10:35:00,17.965,7.753,"Mountain","Yes","20260413","bubble","bath","zmax","7450-761903",0
"1086",2026-04-13 10:40:00,17.948,7.754,"Mountain","Yes","20260413","bubble","bath","zmax","7450-761903",0
"1087",2026-04-13 10:45:00,17.948,7.753,"Mountain","Yes","20260413","bubble","bath","zmax","7450-761903",0
"1088",2026-04-13 10:50:00,17.931,7.763,"Mountain","Yes","20260413","bubble","bath","zmax","7450-761903",0
"1089",2026-04-13 10:55:00,17.931,7.755,"Mountain","Yes","20260413","bubble","bath","zmax","7450-761903",0
"1090",2026-04-13 11:00:00,17.922,7.751,"Mountain","Yes","20260413","bubble","bath","zmax","7450-761903",0
"1091",2026-04-13 11:05:00,17.897,7.75,"Mountain","Yes","20260413","bubble","bath","zmax","7450-761903",0
"1092",2026-04-13 11:10:00,17.889,7.763,"Mountain","Yes","20260413","bubble","bath","zmax","7450-761903",0
"1093",2026-04-13 11:15:00,17.872,7.76,"Mountain","Yes","20260413","bubble","bath","zmax","7450-761903",0
"1094",2026-04-13 11:20:00,17.855,7.758,"Mountain","Yes","20260413","bubble","bath","zmax","7450-761903",0
"1095",2026-04-13 11:25:00,17.847,7.761,"Mountain","Yes","20260413","bubble","bath","zmax","7450-761903",0
"1096",2026-04-13 11:30:00,17.821,7.769,"Mountain","Yes","20260413","bubble","bath","zmax","7450-761903",0
"1097",2026-04-13 11:35:00,17.83,7.76,"Mountain","Yes","20260413","bubble","bath","zmax","7450-761903",0
"1098",2026-04-13 11:40:00,17.813,7.767,"Mountain","Yes","20260413","bubble","bath","zmax","7450-761903",0
"1099",2026-04-13 11:45:00,17.813,7.763,"Mountain","Yes","20260413","bubble","bath","zmax","7450-761903",0
"1100",2026-04-13 11:50:00,17.796,7.771,"Mountain","Yes","20260413","bubble","bath","zmax","7450-761903",0
"1101",2026-04-13 11:55:00,17.804,7.766,"Mountain","Yes","20260413","bubble","bath","zmax","7450-761903",0
"1102",2026-04-13 12:00:00,17.779,7.769,"Mountain","Yes","20260413","bubble","bath","zmax","7450-761903",0
"1103",2026-04-13 12:05:00,17.745,7.777,"Mountain","Yes","20260413","bubble","bath","zmax","7450-761903",0
"1104",2026-04-13 12:10:00,17.762,7.772,"Mountain","Yes","20260413","bubble","bath","zmax","7450-761903",0
"1105",2026-04-13 12:15:00,17.754,7.778,"Mountain","Yes","20260413","bubble","bath","zmax","7450-761903",0
"1106",2026-04-13 12:20:00,17.754,7.77,"Mountain","Yes","20260413","bubble","bath","zmax","7450-761903",0
"1107",2026-04-13 12:25:00,17.737,7.775,"Mountain","Yes","20260413","bubble","bath","zmax","7450-761903",0
"1108",2026-04-13 12:30:00,17.745,7.776,"Mountain","Yes","20260413","bubble","bath","zmax","7450-761903",0
"1109",2026-04-13 12:35:00,17.729,7.776,"Mountain","Yes","20260413","bubble","bath","zmax","7450-761903",0
"1110",2026-04-13 12:40:00,17.72,7.773,"Mountain","Yes","20260413","bubble","bath","zmax","7450-761903",0
"1111",2026-04-13 12:45:00,17.729,7.773,"Mountain","Yes","20260413","bubble","bath","zmax","7450-761903",0
"1112",2026-04-13 12:50:00,17.695,7.787,"Mountain","Yes","20260413","bubble","bath","zmax","7450-761903",0
"1113",2026-04-13 12:55:00,17.712,7.779,"Mountain","Yes","20260413","bubble","bath","zmax","7450-761903",0
"1114",2026-04-13 13:00:00,17.686,7.781,"Mountain","Yes","20260413","bubble","bath","zmax","7450-761903",0
"1115",2026-04-13 13:05:00,17.695,7.784,"Mountain","Yes","20260413","bubble","bath","zmax","7450-761903",0
"1116",2026-04-13 13:10:00,17.669,7.785,"Mountain","Yes","20260413","bubble","bath","zmax","7450-761903",0
"1117",2026-04-13 13:15:00,17.678,7.784,"Mountain","Yes","20260413","bubble","bath","zmax","7450-761903",0
"1118",2026-04-13 13:20:00,17.678,7.781,"Mountain","Yes","20260413","bubble","bath","zmax","7450-761903",0
"1119",2026-04-13 13:25:00,17.669,7.778,"Mountain","Yes","20260413","bubble","bath","zmax","7450-761903",0
"1120",2026-04-13 13:30:00,17.644,7.782,"Mountain","Yes","20260413","bubble","bath","zmax","7450-761903",0
"1121",2026-04-13 13:35:00,17.661,7.78,"Mountain","Yes","20260413","bubble","bath","zmax","7450-761903",0
"1122",2026-04-13 13:40:00,17.644,7.792,"Mountain","Yes","20260413","bubble","bath","zmax","7450-761903",0
"1123",2026-04-13 13:45:00,17.661,7.783,"Mountain","Yes","20260413","bubble","bath","zmax","7450-761903",0
"1124",2026-04-13 13:50:00,17.644,7.778,"Mountain","Yes","20260413","bubble","bath","zmax","7450-761903",0
"1125",2026-04-13 13:55:00,17.636,7.785,"Mountain","Yes","20260413","bubble","bath","zmax","7450-761903",0
"1126",2026-04-13 14:00:00,17.61,7.783,"Mountain","Yes","20260413","bubble","bath","zmax","7450-761903",0
"1127",2026-04-13 14:05:00,17.593,7.79,"Mountain","Yes","20260413","bubble","bath","zmax","7450-761903",0
"1128",2026-04-13 14:10:00,17.593,7.793,"Mountain","Yes","20260413","bubble","bath","zmax","7450-761903",0
"1129",2026-04-13 14:15:00,17.585,7.794,"Mountain","Yes","20260413","bubble","bath","zmax","7450-761903",0
"1130",2026-04-13 14:20:00,17.602,7.784,"Mountain","Yes","20260413","bubble","bath","zmax","7450-761903",0
"1131",2026-04-13 14:25:00,17.593,7.781,"Mountain","Yes","20260413","bubble","bath","zmax","7450-761903",0
"1132",2026-04-13 14:30:00,17.593,7.788,"Mountain","Yes","20260413","bubble","bath","zmax","7450-761903",0
"1133",2026-04-13 14:35:00,17.577,7.788,"Mountain","Yes","20260413","bubble","bath","zmax","7450-761903",0
"1134",2026-04-13 14:40:00,17.577,7.79,"Mountain","Yes","20260413","bubble","bath","zmax","7450-761903",0
"1135",2026-04-13 14:45:00,17.577,7.796,"Mountain","Yes","20260413","bubble","bath","zmax","7450-761903",0
"1136",2026-04-13 14:50:00,17.577,7.793,"Mountain","Yes","20260413","bubble","bath","zmax","7450-761903",0
"1137",2026-04-13 14:55:00,17.577,7.794,"Mountain","Yes","20260413","bubble","bath","zmax","7450-761903",0
"1138",2026-04-13 15:00:00,17.56,7.794,"Mountain","Yes","20260413","bubble","bath","zmax","7450-761903",0
"1139",2026-04-13 15:05:00,17.543,7.792,"Mountain","Yes","20260413","bubble","bath","zmax","7450-761903",0
"1140",2026-04-13 15:10:00,17.56,7.793,"Mountain","Yes","20260413","bubble","bath","zmax","7450-761903",0
"1141",2026-04-13 15:15:00,17.56,7.784,"Mountain","Yes","20260413","bubble","bath","zmax","7450-761903",0
"1142",2026-04-13 15:20:00,17.543,7.792,"Mountain","Yes","20260413","bubble","bath","zmax","7450-761903",0
"1143",2026-04-13 15:25:00,17.568,7.79,"Mountain","Yes","20260413","bubble","bath","zmax","7450-761903",0
"1144",2026-04-13 15:30:00,17.348,7.707,"Mountain","Yes","20260413","bubble","bath","zmax","7450-761903",0
"1145",2026-04-13 15:35:00,17.323,7.765,"Mountain","Yes","20260413","bubble","bath","zmax","7450-761903",0
"1146",2026-04-13 15:40:00,17.433,7.784,"Mountain","Yes","20260413","bubble","bath","zmax","7450-761903",0
"1147",2026-04-13 15:45:00,17.534,7.807,"Mountain","Yes","20260413","bubble","bath","zmax","7450-761903",0
"1148",2026-04-13 15:50:00,17.669,7.832,"Mountain","Yes","20260413","bubble","bath","zmax","7450-761903",0
"1149",2026-04-13 15:55:00,17.796,7.858,"Mountain","Yes","20260413","bubble","bath","zmax","7450-761903",0
"1150",2026-04-13 16:00:00,17.948,7.847,"Mountain","Yes","20260413","bubble","bath","zmax","7450-761903",0
"1151",2026-04-13 16:05:00,18.141,7.846,"Mountain","Yes","20260413","bubble","bath","zmax","7450-761903",0
"1152",2026-04-13 08:41:00,20.859,7.152,"Mountain","Yes","20260413","bubble","bath","zmax","7392-099675",0
"1153",2026-04-13 08:46:00,20.817,7.165,"Mountain","Yes","20260413","bubble","bath","zmax","7392-099675",0
"1154",2026-04-13 08:51:00,21.294,7.106,"Mountain","Yes","20260413","bubble","bath","zmax","7392-099675",0
"1155",2026-04-13 08:56:00,19.77,7.11,"Mountain","Yes","20260413","bubble","bath","zmax","7392-099675",0
"1156",2026-04-13 09:01:00,18.636,7.295,"Mountain","Yes","20260413","bubble","bath","zmax","7392-099675",0
"1157",2026-04-13 09:06:00,18.349,7.346,"Mountain","Yes","20260413","bubble","bath","zmax","7392-099675",0
"1158",2026-04-13 09:11:00,18.29,7.358,"Mountain","Yes","20260413","bubble","bath","zmax","7392-099675",0
"1159",2026-04-13 09:16:00,18.231,7.35,"Mountain","Yes","20260413","bubble","bath","zmax","7392-099675",0
"1160",2026-04-13 09:21:00,18.189,7.347,"Mountain","Yes","20260413","bubble","bath","zmax","7392-099675",0
"1161",2026-04-13 09:26:00,18.172,7.348,"Mountain","Yes","20260413","bubble","bath","zmax","7392-099675",0
"1162",2026-04-13 09:31:00,18.155,7.358,"Mountain","Yes","20260413","bubble","bath","zmax","7392-099675",0
"1163",2026-04-13 09:36:00,18.13,7.342,"Mountain","Yes","20260413","bubble","bath","zmax","7392-099675",0
"1164",2026-04-13 09:41:00,18.105,7.335,"Mountain","Yes","20260413","bubble","bath","zmax","7392-099675",0
"1165",2026-04-13 09:46:00,18.096,7.343,"Mountain","Yes","20260413","bubble","bath","zmax","7392-099675",0
"1166",2026-04-13 09:51:00,18.096,7.345,"Mountain","Yes","20260413","bubble","bath","zmax","7392-099675",0
"1167",2026-04-13 09:56:00,18.079,7.341,"Mountain","Yes","20260413","bubble","bath","zmax","7392-099675",0
"1168",2026-04-13 10:01:00,18.062,7.327,"Mountain","Yes","20260413","bubble","bath","zmax","7392-099675",0
"1169",2026-04-13 10:06:00,18.062,7.333,"Mountain","Yes","20260413","bubble","bath","zmax","7392-099675",0
"1170",2026-04-13 10:11:00,18.029,7.331,"Mountain","Yes","20260413","bubble","bath","zmax","7392-099675",0
"1171",2026-04-13 10:16:00,18.02,7.344,"Mountain","Yes","20260413","bubble","bath","zmax","7392-099675",0
"1172",2026-04-13 10:21:00,18.003,7.338,"Mountain","Yes","20260413","bubble","bath","zmax","7392-099675",0
"1173",2026-04-13 10:26:00,17.995,7.341,"Mountain","Yes","20260413","bubble","bath","zmax","7392-099675",0
"1174",2026-04-13 10:31:00,18.003,7.331,"Mountain","Yes","20260413","bubble","bath","zmax","7392-099675",0
"1175",2026-04-13 10:36:00,17.995,7.309,"Mountain","Yes","20260413","bubble","bath","zmax","7392-099675",0
"1176",2026-04-13 10:41:00,17.978,7.345,"Mountain","Yes","20260413","bubble","bath","zmax","7392-099675",0
"1177",2026-04-13 10:46:00,17.961,7.337,"Mountain","Yes","20260413","bubble","bath","zmax","7392-099675",0
"1178",2026-04-13 10:51:00,17.944,7.338,"Mountain","Yes","20260413","bubble","bath","zmax","7392-099675",0
"1179",2026-04-13 10:56:00,17.961,7.325,"Mountain","Yes","20260413","bubble","bath","zmax","7392-099675",0
"1180",2026-04-13 11:01:00,17.919,7.341,"Mountain","Yes","20260413","bubble","bath","zmax","7392-099675",0
"1181",2026-04-13 11:06:00,17.936,7.338,"Mountain","Yes","20260413","bubble","bath","zmax","7392-099675",0
"1182",2026-04-13 11:11:00,17.902,7.338,"Mountain","Yes","20260413","bubble","bath","zmax","7392-099675",0
"1183",2026-04-13 11:16:00,17.893,7.341,"Mountain","Yes","20260413","bubble","bath","zmax","7392-099675",0
"1184",2026-04-13 11:21:00,17.877,7.334,"Mountain","Yes","20260413","bubble","bath","zmax","7392-099675",0
"1185",2026-04-13 11:26:00,17.885,7.334,"Mountain","Yes","20260413","bubble","bath","zmax","7392-099675",0
"1186",2026-04-13 11:31:00,17.851,7.341,"Mountain","Yes","20260413","bubble","bath","zmax","7392-099675",0
"1187",2026-04-13 11:36:00,17.851,7.346,"Mountain","Yes","20260413","bubble","bath","zmax","7392-099675",0
"1188",2026-04-13 11:41:00,17.851,7.339,"Mountain","Yes","20260413","bubble","bath","zmax","7392-099675",0
"1189",2026-04-13 11:46:00,17.826,7.342,"Mountain","Yes","20260413","bubble","bath","zmax","7392-099675",0
"1190",2026-04-13 11:51:00,17.834,7.347,"Mountain","Yes","20260413","bubble","bath","zmax","7392-099675",0
"1191",2026-04-13 11:56:00,17.826,7.342,"Mountain","Yes","20260413","bubble","bath","zmax","7392-099675",0
"1192",2026-04-13 12:01:00,17.817,7.349,"Mountain","Yes","20260413","bubble","bath","zmax","7392-099675",0
"1193",2026-04-13 12:06:00,17.784,7.349,"Mountain","Yes","20260413","bubble","bath","zmax","7392-099675",0
"1194",2026-04-13 12:11:00,17.784,7.365,"Mountain","Yes","20260413","bubble","bath","zmax","7392-099675",0
"1195",2026-04-13 12:16:00,17.792,7.348,"Mountain","Yes","20260413","bubble","bath","zmax","7392-099675",0
"1196",2026-04-13 12:21:00,17.767,7.35,"Mountain","Yes","20260413","bubble","bath","zmax","7392-099675",0
"1197",2026-04-13 12:26:00,17.775,7.365,"Mountain","Yes","20260413","bubble","bath","zmax","7392-099675",0
"1198",2026-04-13 12:31:00,17.75,7.353,"Mountain","Yes","20260413","bubble","bath","zmax","7392-099675",0
"1199",2026-04-13 12:36:00,17.75,7.352,"Mountain","Yes","20260413","bubble","bath","zmax","7392-099675",0
"1200",2026-04-13 12:41:00,17.758,7.364,"Mountain","Yes","20260413","bubble","bath","zmax","7392-099675",0
"1201",2026-04-13 12:46:00,17.724,7.361,"Mountain","Yes","20260413","bubble","bath","zmax","7392-099675",0
"1202",2026-04-13 12:51:00,17.733,7.358,"Mountain","Yes","20260413","bubble","bath","zmax","7392-099675",0
"1203",2026-04-13 12:56:00,17.716,7.374,"Mountain","Yes","20260413","bubble","bath","zmax","7392-099675",0
"1204",2026-04-13 13:01:00,17.724,7.348,"Mountain","Yes","20260413","bubble","bath","zmax","7392-099675",0
"1205",2026-04-13 13:06:00,17.707,7.377,"Mountain","Yes","20260413","bubble","bath","zmax","7392-099675",0
"1206",2026-04-13 13:11:00,17.707,7.371,"Mountain","Yes","20260413","bubble","bath","zmax","7392-099675",0
"1207",2026-04-13 13:16:00,17.682,7.356,"Mountain","Yes","20260413","bubble","bath","zmax","7392-099675",0
"1208",2026-04-13 13:21:00,17.682,7.366,"Mountain","Yes","20260413","bubble","bath","zmax","7392-099675",0
"1209",2026-04-13 13:26:00,17.691,7.377,"Mountain","Yes","20260413","bubble","bath","zmax","7392-099675",0
"1210",2026-04-13 13:31:00,17.682,7.376,"Mountain","Yes","20260413","bubble","bath","zmax","7392-099675",0
"1211",2026-04-13 13:36:00,17.674,7.381,"Mountain","Yes","20260413","bubble","bath","zmax","7392-099675",0
"1212",2026-04-13 13:41:00,17.699,7.359,"Mountain","Yes","20260413","bubble","bath","zmax","7392-099675",0
"1213",2026-04-13 13:46:00,17.674,7.367,"Mountain","Yes","20260413","bubble","bath","zmax","7392-099675",0
"1214",2026-04-13 13:51:00,17.674,7.363,"Mountain","Yes","20260413","bubble","bath","zmax","7392-099675",0
"1215",2026-04-13 13:56:00,17.657,7.373,"Mountain","Yes","20260413","bubble","bath","zmax","7392-099675",0
"1216",2026-04-13 14:01:00,17.631,7.364,"Mountain","Yes","20260413","bubble","bath","zmax","7392-099675",0
"1217",2026-04-13 14:06:00,17.623,7.39,"Mountain","Yes","20260413","bubble","bath","zmax","7392-099675",0
"1218",2026-04-13 14:11:00,17.598,7.369,"Mountain","Yes","20260413","bubble","bath","zmax","7392-099675",0
"1219",2026-04-13 14:16:00,17.631,7.369,"Mountain","Yes","20260413","bubble","bath","zmax","7392-099675",0
"1220",2026-04-13 14:21:00,17.623,7.365,"Mountain","Yes","20260413","bubble","bath","zmax","7392-099675",0
"1221",2026-04-13 14:26:00,17.589,7.376,"Mountain","Yes","20260413","bubble","bath","zmax","7392-099675",0
"1222",2026-04-13 14:31:00,17.623,7.369,"Mountain","Yes","20260413","bubble","bath","zmax","7392-099675",0
"1223",2026-04-13 14:36:00,17.623,7.384,"Mountain","Yes","20260413","bubble","bath","zmax","7392-099675",0
"1224",2026-04-13 14:41:00,17.589,7.362,"Mountain","Yes","20260413","bubble","bath","zmax","7392-099675",0
"1225",2026-04-13 14:46:00,17.564,7.388,"Mountain","Yes","20260413","bubble","bath","zmax","7392-099675",0
"1226",2026-04-13 14:51:00,17.589,7.385,"Mountain","Yes","20260413","bubble","bath","zmax","7392-099675",0
"1227",2026-04-13 14:56:00,17.572,7.38,"Mountain","Yes","20260413","bubble","bath","zmax","7392-099675",0
"1228",2026-04-13 15:01:00,17.589,7.372,"Mountain","Yes","20260413","bubble","bath","zmax","7392-099675",0
"1229",2026-04-13 15:06:00,17.572,7.388,"Mountain","Yes","20260413","bubble","bath","zmax","7392-099675",0
"1230",2026-04-13 15:11:00,17.64,7.355,"Mountain","Yes","20260413","bubble","bath","zmax","7392-099675",0
"1231",2026-04-13 15:16:00,17.572,7.376,"Mountain","Yes","20260413","bubble","bath","zmax","7392-099675",0
"1232",2026-04-13 15:21:00,17.581,7.358,"Mountain","Yes","20260413","bubble","bath","zmax","7392-099675",0
"1233",2026-04-13 15:26:00,17.581,7.37,"Mountain","Yes","20260413","bubble","bath","zmax","7392-099675",0
"1234",2026-04-13 15:31:00,17.564,7.37,"Mountain","Yes","20260413","bubble","bath","zmax","7392-099675",0
"1235",2026-04-13 15:36:00,17.403,7.279,"Mountain","Yes","20260413","bubble","bath","zmax","7392-099675",0
"1236",2026-04-13 15:41:00,17.208,7.307,"Mountain","Yes","20260413","bubble","bath","zmax","7392-099675",0
"1237",2026-04-13 15:46:00,17.08,7.407,"Mountain","Yes","20260413","bubble","bath","zmax","7392-099675",0
"1238",2026-04-13 15:51:00,17.047,7.535,"Mountain","Yes","20260413","bubble","bath","zmax","7392-099675",0
"1239",2026-04-13 09:01:00,19.362,7.142,"Mountain","Yes","20260413","bubble","bath","zmax","7450-721264",0
"1240",2026-04-13 09:06:00,18.497,7.306,"Mountain","Yes","20260413","bubble","bath","zmax","7450-721264",0
"1241",2026-04-13 09:11:00,18.304,7.339,"Mountain","Yes","20260413","bubble","bath","zmax","7450-721264",0
"1242",2026-04-13 09:16:00,18.228,7.341,"Mountain","Yes","20260413","bubble","bath","zmax","7450-721264",0
"1243",2026-04-13 09:21:00,18.194,7.341,"Mountain","Yes","20260413","bubble","bath","zmax","7450-721264",0
"1244",2026-04-13 09:26:00,18.152,7.342,"Mountain","Yes","20260413","bubble","bath","zmax","7450-721264",0
"1245",2026-04-13 09:31:00,18.127,7.344,"Mountain","Yes","20260413","bubble","bath","zmax","7450-721264",0
"1246",2026-04-13 09:36:00,18.102,7.346,"Mountain","Yes","20260413","bubble","bath","zmax","7450-721264",0
"1247",2026-04-13 09:41:00,18.085,7.344,"Mountain","Yes","20260413","bubble","bath","zmax","7450-721264",0
"1248",2026-04-13 09:46:00,18.076,7.337,"Mountain","Yes","20260413","bubble","bath","zmax","7450-721264",0
"1249",2026-04-13 09:51:00,18.051,7.343,"Mountain","Yes","20260413","bubble","bath","zmax","7450-721264",0
"1250",2026-04-13 09:56:00,18.043,7.342,"Mountain","Yes","20260413","bubble","bath","zmax","7450-721264",0
"1251",2026-04-13 10:01:00,18.026,7.343,"Mountain","Yes","20260413","bubble","bath","zmax","7450-721264",0
"1252",2026-04-13 10:06:00,18.017,7.339,"Mountain","Yes","20260413","bubble","bath","zmax","7450-721264",0
"1253",2026-04-13 10:11:00,18.009,7.34,"Mountain","Yes","20260413","bubble","bath","zmax","7450-721264",0
"1254",2026-04-13 10:16:00,18.001,7.345,"Mountain","Yes","20260413","bubble","bath","zmax","7450-721264",0
"1255",2026-04-13 10:21:00,17.992,7.342,"Mountain","Yes","20260413","bubble","bath","zmax","7450-721264",0
"1256",2026-04-13 10:26:00,17.958,7.348,"Mountain","Yes","20260413","bubble","bath","zmax","7450-721264",0
"1257",2026-04-13 10:31:00,17.967,7.344,"Mountain","Yes","20260413","bubble","bath","zmax","7450-721264",0
"1258",2026-04-13 10:36:00,17.95,7.346,"Mountain","Yes","20260413","bubble","bath","zmax","7450-721264",0
"1259",2026-04-13 10:41:00,17.933,7.35,"Mountain","Yes","20260413","bubble","bath","zmax","7450-721264",0
"1260",2026-04-13 10:46:00,17.933,7.349,"Mountain","Yes","20260413","bubble","bath","zmax","7450-721264",0
"1261",2026-04-13 10:51:00,17.933,7.345,"Mountain","Yes","20260413","bubble","bath","zmax","7450-721264",0
"1262",2026-04-13 10:56:00,17.933,7.344,"Mountain","Yes","20260413","bubble","bath","zmax","7450-721264",0
"1263",2026-04-13 11:01:00,17.908,7.346,"Mountain","Yes","20260413","bubble","bath","zmax","7450-721264",0
"1264",2026-04-13 11:06:00,17.891,7.351,"Mountain","Yes","20260413","bubble","bath","zmax","7450-721264",0
"1265",2026-04-13 11:11:00,17.874,7.347,"Mountain","Yes","20260413","bubble","bath","zmax","7450-721264",0
"1266",2026-04-13 11:16:00,17.874,7.352,"Mountain","Yes","20260413","bubble","bath","zmax","7450-721264",0
"1267",2026-04-13 11:21:00,17.849,7.359,"Mountain","Yes","20260413","bubble","bath","zmax","7450-721264",0
"1268",2026-04-13 11:26:00,17.824,7.357,"Mountain","Yes","20260413","bubble","bath","zmax","7450-721264",0
"1269",2026-04-13 11:31:00,17.84,7.358,"Mountain","Yes","20260413","bubble","bath","zmax","7450-721264",0
"1270",2026-04-13 11:36:00,17.807,7.36,"Mountain","Yes","20260413","bubble","bath","zmax","7450-721264",0
"1271",2026-04-13 11:41:00,17.798,7.367,"Mountain","Yes","20260413","bubble","bath","zmax","7450-721264",0
"1272",2026-04-13 11:46:00,17.807,7.368,"Mountain","Yes","20260413","bubble","bath","zmax","7450-721264",0
"1273",2026-04-13 11:51:00,17.798,7.366,"Mountain","Yes","20260413","bubble","bath","zmax","7450-721264",0
"1274",2026-04-13 11:56:00,17.79,7.357,"Mountain","Yes","20260413","bubble","bath","zmax","7450-721264",0
"1275",2026-04-13 12:01:00,17.765,7.372,"Mountain","Yes","20260413","bubble","bath","zmax","7450-721264",0
"1276",2026-04-13 12:06:00,17.781,7.369,"Mountain","Yes","20260413","bubble","bath","zmax","7450-721264",0
"1277",2026-04-13 12:11:00,17.781,7.368,"Mountain","Yes","20260413","bubble","bath","zmax","7450-721264",0
"1278",2026-04-13 12:16:00,17.748,7.372,"Mountain","Yes","20260413","bubble","bath","zmax","7450-721264",0
"1279",2026-04-13 12:21:00,17.748,7.371,"Mountain","Yes","20260413","bubble","bath","zmax","7450-721264",0
"1280",2026-04-13 12:26:00,17.731,7.367,"Mountain","Yes","20260413","bubble","bath","zmax","7450-721264",0
"1281",2026-04-13 12:31:00,17.739,7.37,"Mountain","Yes","20260413","bubble","bath","zmax","7450-721264",0
"1282",2026-04-13 12:36:00,17.722,7.378,"Mountain","Yes","20260413","bubble","bath","zmax","7450-721264",0
"1283",2026-04-13 12:41:00,17.705,7.376,"Mountain","Yes","20260413","bubble","bath","zmax","7450-721264",0
"1284",2026-04-13 12:46:00,17.705,7.369,"Mountain","Yes","20260413","bubble","bath","zmax","7450-721264",0
"1285",2026-04-13 12:51:00,17.705,7.372,"Mountain","Yes","20260413","bubble","bath","zmax","7450-721264",0
"1286",2026-04-13 12:56:00,17.722,7.368,"Mountain","Yes","20260413","bubble","bath","zmax","7450-721264",0
"1287",2026-04-13 13:01:00,17.697,7.366,"Mountain","Yes","20260413","bubble","bath","zmax","7450-721264",0
"1288",2026-04-13 13:06:00,17.705,7.372,"Mountain","Yes","20260413","bubble","bath","zmax","7450-721264",0
"1289",2026-04-13 13:11:00,17.68,7.377,"Mountain","Yes","20260413","bubble","bath","zmax","7450-721264",0
"1290",2026-04-13 13:16:00,17.68,7.378,"Mountain","Yes","20260413","bubble","bath","zmax","7450-721264",0
"1291",2026-04-13 13:21:00,17.68,7.371,"Mountain","Yes","20260413","bubble","bath","zmax","7450-721264",0
"1292",2026-04-13 13:26:00,17.68,7.365,"Mountain","Yes","20260413","bubble","bath","zmax","7450-721264",0
"1293",2026-04-13 13:31:00,17.663,7.38,"Mountain","Yes","20260413","bubble","bath","zmax","7450-721264",0
"1294",2026-04-13 13:36:00,17.672,7.373,"Mountain","Yes","20260413","bubble","bath","zmax","7450-721264",0
"1295",2026-04-13 13:41:00,17.655,7.373,"Mountain","Yes","20260413","bubble","bath","zmax","7450-721264",0
"1296",2026-04-13 13:46:00,17.638,7.376,"Mountain","Yes","20260413","bubble","bath","zmax","7450-721264",0
"1297",2026-04-13 13:51:00,17.621,7.386,"Mountain","Yes","20260413","bubble","bath","zmax","7450-721264",0
"1298",2026-04-13 13:56:00,17.638,7.377,"Mountain","Yes","20260413","bubble","bath","zmax","7450-721264",0
"1299",2026-04-13 14:01:00,17.621,7.381,"Mountain","Yes","20260413","bubble","bath","zmax","7450-721264",0
"1300",2026-04-13 14:06:00,17.621,7.379,"Mountain","Yes","20260413","bubble","bath","zmax","7450-721264",0
"1301",2026-04-13 14:11:00,17.596,7.385,"Mountain","Yes","20260413","bubble","bath","zmax","7450-721264",0
"1302",2026-04-13 14:16:00,17.596,7.384,"Mountain","Yes","20260413","bubble","bath","zmax","7450-721264",0
"1303",2026-04-13 14:21:00,17.604,7.383,"Mountain","Yes","20260413","bubble","bath","zmax","7450-721264",0
"1304",2026-04-13 14:26:00,17.579,7.38,"Mountain","Yes","20260413","bubble","bath","zmax","7450-721264",0
"1305",2026-04-13 14:31:00,17.587,7.383,"Mountain","Yes","20260413","bubble","bath","zmax","7450-721264",0
"1306",2026-04-13 14:36:00,17.57,7.386,"Mountain","Yes","20260413","bubble","bath","zmax","7450-721264",0
"1307",2026-04-13 14:41:00,17.57,7.38,"Mountain","Yes","20260413","bubble","bath","zmax","7450-721264",0
"1308",2026-04-13 14:46:00,17.579,7.38,"Mountain","Yes","20260413","bubble","bath","zmax","7450-721264",0
"1309",2026-04-13 14:51:00,17.579,7.38,"Mountain","Yes","20260413","bubble","bath","zmax","7450-721264",0
"1310",2026-04-13 14:56:00,17.562,7.383,"Mountain","Yes","20260413","bubble","bath","zmax","7450-721264",0
"1311",2026-04-13 15:01:00,17.57,7.385,"Mountain","Yes","20260413","bubble","bath","zmax","7450-721264",0
"1312",2026-04-13 15:06:00,17.554,7.383,"Mountain","Yes","20260413","bubble","bath","zmax","7450-721264",0
"1313",2026-04-13 15:11:00,17.554,7.387,"Mountain","Yes","20260413","bubble","bath","zmax","7450-721264",0
"1314",2026-04-13 15:16:00,17.579,7.378,"Mountain","Yes","20260413","bubble","bath","zmax","7450-721264",0
"1315",2026-04-13 15:21:00,17.554,7.386,"Mountain","Yes","20260413","bubble","bath","zmax","7450-721264",0
"1316",2026-04-13 15:26:00,17.545,7.387,"Mountain","Yes","20260413","bubble","bath","zmax","7450-721264",0
"1317",2026-04-13 15:31:00,17.41,7.285,"Mountain","Yes","20260413","bubble","bath","zmax","7450-721264",0
"1318",2026-04-13 15:36:00,16.97,7.335,"Mountain","Yes","20260413","bubble","bath","zmax","7450-721264",0
